Unnamed: 1,Unnamed: 2,Smile
mercaptopurine,8,S=C1N=CNc2nc[nH]c12
acetaminophen,5,CC(=O)Nc1ccc(O)cc1
azathioprine,5,Cn1cnc(c1Sc2ncnc3nc[nH]c23)[N+]([O-])=O
chlorpheniramine,0,CN(C)CCC(c1ccc(Cl)cc1)c2ccccn2.OC(=O)\C=C/C(O)=O
clofibrate,3,CCOC(=O)C(C)(C)Oc1ccc(Cl)cc1
cyclophosphamide,5,ClCCN(CCCl)[P]1(=O)NCCCO1
dopamine,0,NCCc1ccc(O)c(O)c1
estradiol,2,C[C@]12CC[C@H]3[C@@H](CCc4cc(O)ccc34)[C@@H]1CC[C@@H]2O
fluoxetine,3,CNCCC(Oc1ccc(cc1)C(F)(F)F)c2ccccc2
gemfibrozil,4,Cc1ccc(C)c(OCCCC(C)(C)C(O)=O)c1
indomethacin,8,COc1ccc2n(c(C)c(CC(O)=O)c2c1)C(=O)c3ccc(Cl)cc3
ketoprofen,3,CC(C(O)=O)c1cccc(c1)C(=O)c2ccccc2
mannitol,0,OC[C@@H](O)[C@@H](O)[C@H](O)[C@H](O)CO
methotrexate,3,CN(Cc1cnc2nc(N)nc(N)c2n1)c3ccc(cc3)C(=O)N[C@@H](CCC(O)=O)C(O)=O
phenobarbital,3,CCC1(C(=O)NC(=O)NC1=O)c2ccccc2
phenytoin,8,O=C1NC(=O)C(N1)(c2ccccc2)c3ccccc3
tetracycline,2,CN(C)[C@H]1[C@@H]2C[C@H]3C(=C(O)c4c(O)cccc4[C@@]3(C)O)C(=O)[C@]2(O)C(=O)\C(=C(N)/O)C1=O
abacavir,8,Nc1nc(NC2CC2)c3ncn([C@@H]4C[C@H](CO)C=C4)c3n1
aciclovir,5,NC1=NC(=O)c2ncn(COCCO)c2N1
allopurinol,8,O=C1N=CN=C2NNC=C12
amineptine,8,[Cl-].OC(=O)CCCCCC[NH2+]C1c2ccccc2CCc3ccccc13
amiodarone,8,CCCCc1oc2ccccc2c1C(=O)c3cc(I)c(OCCN(CC)CC)c(I)c3
amitriptyline,5,CN(C)CCC=C1c2ccccc2CCc3ccccc13
amphotericin b,3,C[C@H]1O[C@@H](O[C@@H]\2C[C@@H]3O[C@](O)(C[C@@H](O)C[C@@H](O)[C@H](O)CC[C@@H](O)C[C@@H](O)CC(=O)O[C@@H](C)[C@H](C)[C@H](O)[C@@H](C)\C=C/C=C\C=C/C=C\C=C/C=C\C=C2)C[C@H](O)[C@H]3C(O)=O)[C@@H](O)[C@@H](N)[C@@H]1O
ampicillin,3,CC1(C)S[C@@H]2[C@H](NC(=O)[C@H](N)c3ccccc3)C(=O)N2[C@H]1C(O)=O
donepezil,3,[H+].[Cl-].COc1cc2CC(CC3CCN(CC3)Cc4ccccc4)C(=O)c2cc1OC
aspirin,0,CC(=O)Oc1ccccc1C(O)=O
aminohippurate,0,NOC(=O)CNC(=O)c1ccccc1
bicalutamide,8,CC(O)(C[S](=O)(=O)c1ccc(F)cc1)C(=O)Nc2ccc(C#N)c(c2)C(F)(F)F
bupropion,5,CC(NC(C)(C)C)C(=O)c1cccc(Cl)c1
captopril,7,C[C@H](CS)C(=O)N1CCC[C@H]1C(O)=O
carbamazepine,7,NC(=O)N1c2ccccc2C=Cc3ccccc13
ceftazidime,3,CC(C)(O/N=C(C(=O)N[C@H]1[C@H]2SCC(=C(N2C1=O)C([O-])=O)C[n+]3ccccc3)/c4csc(N)n4)C(O)=O
chenodiol,8,C[C@H](CCC(O)=O)[C@H]1CC[C@H]2[C@@H]3[C@H](O)C[C@@H]4C[C@H](O)CC[C@]4(C)[C@H]3CC[C@]12C
chlorcyclizine,0,CN1CCN(CC1)C(c2ccccc2)c3ccc(Cl)cc3
chlorzoxazone,8,Clc1ccc2OC(=O)Nc2c1
chlorpromazine,2,CN(C)CCCN1c2ccccc2Sc3ccc(Cl)cc13
cisplatin,3,N.N.[Cl-].[Cl-].[Pt++]
dimercaprol,0,OCC(S)CS
colchicine,6,COC1=CC=C2C(=CC1=O)[C@H](CCc3cc(OC)c(OC)c(OC)c23)NC(C)=O
dactinomycin,8,CC(C)C1NC(=O)C(NC(=O)c2ccc(C)c3OC4=C(C)C(=O)C(=C(C(=O)NC5C(C)OC(=O)C(C(C)C)N(C)C(=O)CN(C)C(=O)C6CCCN6C(=O)C(NC5=O)C(C)C)C4=Nc23)N)C(C)OC(=O)C(C(C)C)N(C)C(=O)CN(C)C(=O)C7CCCN7C1=O
dantrolene,8,[O-][N+](=O)c1ccc(cc1)c2oc(cc2)\C=N\N3CC(=O)NC3=O
demeclocycline,3,CN(C)[C@H]1[C@@H]2C[C@@H]3[C@H](O)c4c(Cl)ccc(O)c4C(=C3C(=O)[C@]2(O)C(=O)\C(=C(N)/O)C1=O)O
dexamethasone,3,C[C@@H]1C[C@H]2[C@@H]3CCC4=CC(=O)C=C[C@]4(C)[C@@]3(F)[C@@H](O)C[C@]2(C)[C@@]1(O)C(=O)CO
propoxyphene,3,CCC(=O)O[C@@](Cc1ccccc1)([C@H](C)CN(C)C)c2ccccc2
diclofenac,8,OC(=O)Cc1ccccc1Nc2c(Cl)cccc2Cl
diflunisal,8,OC(=O)c1cc(ccc1O)c2ccc(F)cc2F
diphenhydramine,0,CN(C)CCOC(c1ccccc1)c2ccccc2
epirubicin,3,COc1cccc2C(=O)c3c(O)c4C[C@](O)(C[C@H](O[C@H]5C[C@H](N)[C@@H](O)[C@H](C)O5)c4c(O)c3C(=O)c12)C(=O)CO
erythromycin,5,CC[C@H]1OC(=O)[C@H](C)[C@@H](O[C@H]2C[C@@](C)(OC)[C@@H](O)[C@H](C)O2)[C@H](C)[C@@H](O[C@@H]3O[C@H](C)C[C@@H]([C@H]3O)N(C)C)[C@](C)(O)C[C@@H](C)C(=O)[C@H](C)[C@@H](O)[C@]1(C)O
etoposide,3,COc1cc(cc(OC)c1O)[C@H]2[C@@H]3C(COC3=O)[C@H](O[C@@H]4O[C@@H]5CO[C@@H](C)O[C@H]5[C@H](O)[C@H]4O)c6cc7OCOc7cc26
famotidine,3,NC(N)=Nc1scc(CSCCC(N)=N[S](N)(=O)=O)n1
felbamate,7,NC(=O)OCC(COC(N)=O)c1ccccc1
fenofibrate,3,CC(C)OC(=O)C(C)(C)Oc1ccc(cc1)C(=O)c2ccc(Cl)cc2
fenoprofen,8,CC(C(O)=O)c1cccc(Oc2ccccc2)c1
flutamide,8,CC(C)C(=O)Nc1ccc(c(c1)C(F)(F)F)[N+]([O-])=O
hydroxyurea,8,NC(=O)NO
imatinib,8,CN1CCN(CC1)Cc2ccc(cc2)C(=O)Nc3ccc(C)c(Nc4nccc(n4)c5cccnc5)c3
imipramine,3,CN(C)CCCN1c2ccccc2CCc3ccccc13
iproniazid,8,CC(C)NNC(=O)c1ccncc1
hydroxyprogesterone caproate,2,CCCCCC(=O)O[C@@]1(CC[C@H]2[C@@H]3CCC4=CC(=O)CC[C@]4(C)[C@H]3CC[C@]12C)C(C)=O
ketoconazole,8,CC(=O)N1CCN(CC1)c2ccc(OC[C@H]3CO[C@@](Cn4ccnc4)(O3)c5ccc(Cl)cc5Cl)cc2
labetalol,8,CC(CCc1ccccc1)NCC(O)c2ccc(O)c(c2)C(N)=O
leflunomide,8,Cc1oncc1C(=O)Nc2ccc(cc2)C(F)(F)F
mefenamic acid,8,Cc1cccc(Nc2ccccc2C(O)=O)c1C
meloxicam,3,CN1C(=C(/O)Nc2sc(C)cn2)/C(=O)c3ccccc3[S]1(=O)=O
metformin,0,[H+].[Cl-].CN(C)C(=N)N=C(N)N
methyldopa,8,COC(=O)[C@@H](N)Cc1ccc(O)c(O)c1
nefazodone,8,[H+].[Cl-].CCC1=NN(CCCN2CCN(CC2)c3cccc(Cl)c3)C(=O)N1CCOc4ccccc4
nitrofurantoin,8,[O-][N+](=O)c1oc(cc1)/C=N/N2CC(=O)NC2=O
olsalazine,8,OC(=O)c1cc(N\N=C/2C=CC(=O)C(=C2)C(O)=O)ccc1O
paroxetine,8,Fc1ccc(cc1)[C@@H]2CCNC[C@H]2COc3ccc4OCOc4c3
pentamidine,3,NC(=N)c1ccc(OCCCCCOc2ccc(cc2)C(N)=N)cc1
pentobarbital,3,CCCC(C)C1(CC)C(=O)NC(=O)NC1=O
perhexiline,8,C1CCC(CC1)C(CC2CCCCN2)C3CCCCC3
physostigmine,0,CNC(=O)Oc1ccc2N(C)[C@H]3N(C)CC[C@@]3(C)c2c1
pioglitazone,3,CCc1ccc(CCOc2ccc(CC3SC(=O)NC3=O)cc2)nc1
propylthiouracil,8,CCCN1C(=O)C=CNC1=S
pseudoephedrine,0,CN[C@@H](C)[C@@H](O)c1ccccc1
ranitidine,5,CNC(/NCCSCc1oc(CN(C)C)cc1)=C\[N+]([O-])=O
rifabutin,5,CO[C@H]1/C=C/O[C@@]2(C)Oc3c(C)c(O)c4C(=O)C(=C5NC6(CCN(CC6)CC(C)C)N=C5c4c3C2=O)NC(=O)C(=C\C=C\[C@H](C)[C@H](O)[C@@H](C)[C@@H](O)[C@@H](C)[C@H](OC(C)=O)[C@@H]1C)/C
rosiglitazone,3,CN(CCOc1ccc(C[C@@H]2SC(=O)NC2=O)cc1)c3ccccn3
indocyanine green,0,[Na+].CC1(C)C(=C\C=C\C=CC=CC2=[N+](CCCC[S]([O-])(=O)=O)c3ccc4ccccc4c3C2(C)C)/N(CCCC[S]([O-])(=O)=O)c5ccc6ccccc6c15
simvastatin,3,CCC(C)(C)C(=O)O[C@H]1C[C@@H](C)C=C2C=C[C@H](C)[C@H](CC[C@@H]3C[C@@H](O)CC(=O)O3)[C@@H]12
spironolactone,2,CC(=O)S[C@@H]1CC2=CC(=O)CC[C@]2(C)[C@H]3CC[C@@]4(C)[C@@H](CC[C@@]45CCC(=O)O5)[C@H]13
stavudine,8,CC1=CN([C@@H]2O[C@H](CO)C=C2)C(=O)NC1=O
streptomycin,0,CN[C@H]1[C@H](O)[C@@H](O)[C@H](CO)O[C@H]1O[C@H]2[C@@H](O[C@@H](C)[C@]2(O)C=O)O[C@H]3[C@H](O)[C@@H](O)[C@H](N=C(N)N)[C@@H](O)[C@@H]3N=C(N)N
sulfadiazine,3,Nc1ccc(cc1)[S](=O)(=O)Nc2ncccn2
sulfasalazine,5,OC(=O)C1=C\C(C=CC1=O)=N/Nc2ccc(cc2)[S](=O)(=O)Nc3ccccn3
sulindac,8,CC\1=C(CC(O)=O)c2cc(F)ccc2C1=C\c3ccc(cc3)[S](C)=O
tamoxifen,8,CC/C(c1ccccc1)=C(c2ccccc2)/c3ccc(OCCN(C)C)cc3
temozolomide,4,CN1N=Nc2n(cnc2C(N)=O)C1=O
theophylline,0,CN1C(=O)N(C)c2nc[nH]c2C1=O
tizanidine,8,Clc1ccc2nsnc2c1NC3=NCCN3
tolcapone,8,Cc1ccc(cc1)C(=O)c2cc(O)c(O)c(c2)[N+]([O-])=O
toremifene,3,CN(C)CCOc1ccc(cc1)\C(=C(\CCCl)c2ccccc2)c3ccccc3
valproic acid,8,CCCC(CCC)C(O)=O
vancomycin,0,CN[C@H](CC(C)C)C(=O)NC1[C@H](O)c2ccc(Oc3cc4cc(Oc5ccc(cc5Cl)[C@@H](O)[C@@H]6NC(=O)[C@H](NC(=O)[C@@H]4NC(=O)[C@H](CC(N)=O)NC1=O)c7ccc(O)c(c7)c8c(O)cc(O)cc8[C@@H](NC6=O)C(O)=O)c3O[C@@H]9O[C@H](CO)[C@@H](O)[C@H](O)[C@H]9O[C@H]%10C[C@](C)(N)[C@H](O)[C@H](C)O%10)c(Cl)c2
vitamin a,3,CC(=C\CO)/C=C/C=C(C)/C=C/C1=C(C)CCCC1(C)C
zidovudine,8,CC1=CN([C@H]2C[C@H](N=[N+]=[N-])[C@@H](CO)O2)C(=O)NC1=O
zolpidem,7,CN(C)C(=O)Cc1n2cc(C)ccc2nc1c3ccc(C)cc3
zonisamide,2,N[S](=O)(=O)Cc1noc2ccccc12
pyrazinamide,3,NC(=O)c1cnccn1
finasteride,0,CC(C)(C)NC(=O)[C@H]1CC[C@H]2[C@@H]3CC[C@H]4NC(=O)C=C[C@]4(C)[C@H]3CC[C@]12C
troglitazone,8,Cc1c(C)c2OC(C)(CCc2c(C)c1O)COc3ccc(CC4SC(=O)NC4=O)cc3
fluvastatin,3,CC(C)n1c2ccccc2c(c3ccc(F)cc3)c1\C=C\[C@@H](O)C[C@H](O)CC(O)=O
glimepiride,7,CCC1=C(C)CN(C(=O)NCCc2ccc(cc2)[S](=O)(=O)NC(=O)NC3CCC(C)CC3)C1=O
venlafaxine,7,COc1ccc(cc1)C(CN(C)C)C2(O)CCCCC2
amlodipine,5,CCOC(=O)C1=C(COCCN)NC(=C(C1c2ccccc2Cl)C(=O)OC)C
vinblastine,0,CC[C@]1(O)C[C@H]2CN(CCc3c([nH]c4ccccc34)[C@@](C2)(C(=O)OC)c5cc6c(cc5OC)N(C)[C@H]7[C@](O)([C@H](OC(C)=O)[C@]8(CC)C=CCN9CC[C@]67[C@H]89)C(=O)OC)C1
ciprofloxacin,7,OC(=O)C1=CN(C2CC2)c3cc(N4CCNCC4)c(F)cc3C1=O
fluconazole,8,OC(Cn1cncn1)(Cn2cncn2)c3ccc(F)cc3F
prednisone,3,C[C@]12CC(=O)[C@H]3[C@@H](CCC4=CC(=O)C=C[C@]34C)[C@@H]1CC[C@]2(O)C(=O)CO
lorazepam,3,OC1N=C(c2ccccc2Cl)c3cc(Cl)ccc3NC1=O
itraconazole,8,CCC(C)N1N=CN(C1=O)c2ccc(cc2)N3CCN(CC3)c4ccc(OC[C@H]5CO[C@@](Cn6cncn6)(O5)c7ccc(Cl)cc7Cl)cc4
raloxifene,0,Oc1ccc(cc1)c2sc3cc(O)ccc3c2C(=O)c4ccc(OCCN5CCCCC5)cc4
mifepristone,0,CC#C[C@]1(O)CC[C@H]2[C@@H]3CCC4=CC(=O)CCC4=C3[C@H](C[C@]12C)c5ccc(cc5)N(C)C
clomipramine,8,CN(C)CCCN1c2ccccc2CCc3ccc(Cl)cc13
pravastatin,3,CC[C@H](C)C(=O)O[C@H]1C[C@H](O)C=C2C=C[C@H](C)[C@H](CC[C@@H](O)C[C@@H](O)CC(O)=O)[C@@H]12
clarithromycin,8,CC[C@H]1OC(=O)[C@H](C)[C@@H](O[C@H]2C[C@@](C)(OC)[C@@H](O)[C@H](C)O2)[C@H](C)[C@@H](O[C@@H]3O[C@H](C)C[C@@H]([C@H]3O)N(C)C)[C@@](C)(C[C@@H](C)C(=O)[C@H](C)[C@@H](O)[C@]1(C)O)OC
hydrocortisone,0,C[C@]12CCC(=O)C=C1CC[C@H]3[C@@H]4CC[C@](O)(C(=O)CO)[C@@]4(C)C[C@H](O)[C@H]23
progesterone,2,CC(=O)[C@H]1CC[C@H]2[C@@H]3CCC4=CC(=O)CC[C@]4(C)[C@H]3CC[C@]12C
ergocalciferol,0,CC(C)[C@@H](C)/C=C/[C@@H](C)[C@H]1CC[C@H]2\C(CCC[C@]12C)=C\C=C3/C[C@@H](O)CCC3=C
ibuprofen,3,CC(C)Cc1ccc(cc1)C(C)C(O)=O
isoproterenol,0,CC(C)NCC(O)c1ccc(O)c(O)c1
ketorolac,3,OC(=O)C1CCn2c1ccc2C(=O)c3ccccc3
promethazine,5,CC(CN1c2ccccc2Sc3ccccc13)N(C)C
omeprazole,4,COc1ccc2nc([nH]c2c1)[S](=O)Cc3ncc(C)c(OC)c3C
carvedilol,3,COc1ccccc1OCCNCC(O)COc2cccc3[nH]c4ccccc4c23
cytarabine,3,NC1=NC(=O)N(C=C1)[C@@H]2O[C@H](CO)[C@@H](O)[C@@H]2O
norethindrone,3,C[C@]12CC[C@H]3[C@@H](CCC4=CC(=O)CC[C@H]34)[C@@H]1CC[C@@]2(O)C#C
tromethamine,6,NC(CO)(CO)CO
pergolide,3,CCCN1C[C@H](CSC)C[C@H]2[C@H]1Cc3c[nH]c4cccc2c34
nisoldipine,3,COC(=O)C1=C(C)NC(=C(C1c2ccccc2[N+]([O-])=O)C(=O)OCC(C)C)C
citalopram,7,CN(C)CCCC1(OCc2cc(ccc12)C#N)c3ccc(F)cc3
megestrol,1,CC(=O)[C@@]1(O)CC[C@H]2[C@@H]3C=C(C)C4=CC(=O)CC[C@]4(C)[C@H]3CC[C@]12C
methyltestosterone,2,C[C@]1(O)CC[C@H]2[C@@H]3CCC4=CC(=O)CC[C@]4(C)[C@H]3CC[C@]12C
testosterone,8,C[C@]12CC[C@H]3[C@@H](CCC4=CC(=O)CC[C@]34C)[C@@H]1CC[C@@H]2O
praziquantel,3,O=C1CN(CC2N1CCc3ccccc23)C(=O)C4CCCCC4
ticlopidine,4,[H+].[Cl-].Clc1ccccc1CN2CCc3sccc3C2
diazepam,4,CN1C(=O)CN=C(c2ccccc2)c3cc(Cl)ccc13
clomiphene,3,CCN(CC)CCOc1ccc(cc1)\C(=C(Cl)\c2ccccc2)c3ccccc3
isotretinoin,5,CC1=C(\C=C\C(C)=C\C=C\C(C)=C/C(O)=O)C(C)(C)CCC1
oxymetholone,7,C[C@]1(O)CC[C@H]2[C@@H]3CC[C@H]4CC(=O)C(/C[C@]4(C)[C@H]3CC[C@]12C)=C\O
etodolac,8,CCc1cccc2c3CCOC(CC)(CC(O)=O)c3[nH]c12
glipizide,3,Cc1cnc(cn1)C(=O)NCCc2ccc(cc2)[S](=O)(=O)NC(=O)NC3CCCCC3
pemoline,8,NC1=NC(=O)C(O1)c2ccccc2
clotrimazole,3,Clc1ccccc1C(n2ccnc2)(c3ccccc3)c4ccccc4
celecoxib,3,Cc1ccc(cc1)c2cc(nn2c3ccc(cc3)[S](N)(=O)=O)C(F)(F)F
amoxapine,3,Clc1ccc2Oc3ccccc3N=C(N4CCNCC4)c2c1
iothalamate sodium,0,[Na+].CNC(=O)c1c(I)c(NC(C)=O)c(I)c(C([O-])=O)c1I
atorvastatin,5,CC(C)c1n(CC[C@@H](O)C[C@@H](O)CC(O)=O)c(c2ccc(F)cc2)c(c3ccccc3)c1C(=O)Nc4ccccc4
olanzapine,3,CN1CCN(CC1)C2=C3C=C(C)SC3=Nc4ccccc4N2
nevirapine,8,Cc1ccnc2N(C3CC3)c4ncccc4C(=O)Nc12
primidone,0,CCC1(C(=O)NCNC1=O)c2ccccc2
vinorelbine,3,CCC1=CC2CN(C1)Cc3c([nH]c4ccccc34)[C@@](C2)(C(=O)OC)c5cc6c(cc5OC)N(C)[C@H]7[C@](O)([C@H](OC(C)=O)[C@]8(CC)C=CCN9CC[C@]67[C@H]89)C(=O)OC.O[C@H]([C@@H](O)C(O)=O)C(O)=O.O[C@H]([C@@H](O)C(O)=O)C(O)=O
anastrozole,3,CC(C)(C#N)c1cc(Cn2cncn2)cc(c1)C(C)(C)C#N
rabeprazole,3,COCCCOc1ccnc(C[S](=O)c2[nH]c3ccccc3n2)c1C
azithromycin,7,CC[C@H]1OC(=O)[C@H](C)[C@@H](O[C@H]2C[C@@](C)(OC)[C@@H](O)[C@H](C)O2)C(C)[C@@H](O[C@@H]3O[C@H](C)C[C@@H]([C@H]3O)N(C)C)[C@](C)(O)C[C@@H](C)CN(C)[C@H](C)[C@@H](O)[C@]1(C)O
tolazamide,2,Cc1ccc(cc1)[S](=O)(=O)NC(=O)NN2CCCCCC2
quetiapine,3,OCCOCCN1CCN(CC1)C2=Nc3ccccc3Sc4ccccc24
famciclovir,3,CC(=O)OCC(CCn1cnc2cnc(N)nc12)COC(C)=O
atenolol,4,CC(C)NCC(O)COc1ccc(CC(N)=O)cc1
benzbromarone,8,CCc1oc2ccccc2c1C(=O)c3cc(Br)c(O)c(Br)c3
bromocriptine,3,CC(C)C[C@@H]1N2C(=O)[C@](NC(=O)[C@H]3CN(C)[C@@H]4Cc5c(Br)[nH]c6cccc(C4=C3)c56)(O[C@@]2(O)[C@@H]7CCCN7C1=O)C(C)C
busulfan,8,C[S](=O)(=O)OCCCCO[S](C)(=O)=O
chlorambucil,3,OC(=O)CCCc1ccc(cc1)N(CCCl)CCCl
clozapine,5,CN1CCN(CC1)C2=C3C=CC=CC3=Nc4ccc(Cl)cc4N2
dacarbazine,6,CN(C)N\N=C/1N=CN=C1C(N)=O
dapsone,3,Nc1ccc(cc1)[S](=O)(=O)c2ccc(N)cc2
digoxin,0,C[C@H]1O[C@H](C[C@H](O)[C@@H]1O)O[C@H]2[C@@H](O)C[C@@H](O[C@@H]2C)O[C@H]3[C@@H](O)C[C@@H](O[C@@H]3C)O[C@H]4CC[C@@]5(C)[C@H](CC[C@@H]6[C@@H]5C[C@@H](O)[C@]7(C)[C@H](CC[C@]67O)C8=CC(=O)OC8)C4
dipyridamole,3,OCCN(CCO)c1nc(N2CCCCC2)c3nc(nc(N4CCCCC4)c3n1)N(CCO)CCO
disulfiram,8,CCN(CC)C(=S)SSC(=S)N(CC)CC
enalapril,7,CCOC(=O)[C@H](CCc1ccccc1)N[C@@H](C)C(=O)N2CCC[C@H]2C(O)=O
flurbiprofen,3,CC(C(O)=O)c1ccc(c(F)c1)c2ccccc2
furosemide,2,N[S](=O)(=O)c1cc(C(O)=O)c(NCc2occc2)cc1Cl
gabapentin,3,NCC1(CCCCC1)CC(O)=O
glibenclamide,3,COc1ccc(Cl)cc1C(=O)NCCc2ccc(cc2)[S](=O)(=O)NC(=O)NC3CCCCC3
isoniazid,8,NNC(=O)c1ccncc1
lansoprazole,3,Cc1c(C[S](=O)c2[nH]c3ccccc3n2)nccc1OCC(F)(F)F
mebendazole,3,COC(=O)Nc1[nH]c2cc(ccc2n1)C(=O)c3ccccc3
metoprolol,5,COCCc1ccc(OCC(O)CNC(C)C)cc1
mycophenolic acid,3,COc1c(C)c2COC(=O)c2c(O)c1C\C=C(C)\CCC(O)=O
naltrexone,3,Oc1ccc2C[C@H]3N(CC[C@@]45[C@@H](Oc1c24)C(=O)CC[C@@]35O)CC6CC6
niacin,7,OC(=O)c1cccnc1
nifedipine,3,COC(=O)C1=C(C)NC(=C(C1c2ccccc2[N+]([O-])=O)C(=O)OC)C
nimesulide,8,C[S](=O)(=O)Nc1ccc(cc1Oc2ccccc2)[N+]([O-])=O
nizatidine,5,CNC(/NCCSCc1csc(CN(C)C)n1)=C\[N+]([O-])=O
methenamine hippurate,3,OC(=O)CNC(=O)c1ccccc1.C2N3CN4CN2CN(C3)C4
dextrose,0,OC[C@@H](O)[C@@H](O)[C@H](O)[C@@H](O)C=O
sodium lactate,0,[Na+].CC(O)C([O-])=O
verapamil,3,COc1ccc(CCN(C)CCCC(C#N)(C(C)C)c2ccc(OC)c(OC)c2)cc1OC
doxorubicin,3,COc1cccc2C(=O)c3c(O)c4C[C@](O)(C[C@H](O[C@H]5C[C@H](N)[C@H](O)[C@H](C)O5)c4c(O)c3C(=O)c12)C(=O)CO
tretinoin,3,CC1=C(\C=C\C(C)=C\C=C\C(C)=C\C(O)=O)C(C)(C)CCC1
clorazepate,3,OC(=O)C1N=C(c2ccccc2)c3cc(Cl)ccc3NC1=O
protirelin,0,NC(=O)[C@@H]1CCCN1C(=O)[C@H](Cc2[nH]cnc2)NC(=O)[C@@H]3CCC(=O)N3
sincalide,0,CSCCC(NC(=O)C(Cc1ccc(O[S](O)(=O)=O)cc1)NC(=O)C(N)CC(O)=O)C(=O)NCC(=O)NC(Cc2c[nH]c3ccccc23)C(=O)NC(CCSC)C(=O)NC(CC(O)=O)C(=O)NC(Cc4ccccc4)C(N)=O
secretin,0,CC(C)CC(NC(=O)CNC(=O)C(CCC(N)=O)NC(=O)C(CC(C)C)NC(=O)C(CC(C)C)NC(=O)C(CCCNC(N)=N)NC(=O)C(CCC(N)=O)NC(=O)C(CC(C)C)NC(=O)C(CCCNC(N)=N)NC(=O)C(C)NC(=O)C(CO)NC(=O)C(CC(O)=O)NC(=O)C(CCCNC(N)=N)NC(=O)C(CC(C)C)NC(=O)C(CCCNC(N)=N)NC(=O)C(CO)NC(=O)C(CC(C)C)NC(=O)C(CCC(O)=O)NC(=O)C(CO)NC(=O)C(NC(=O)C(Cc1ccccc1)NC(=O)C(NC(=O)CNC(=O)C(CC(O)=O)NC(=O)C(CO)NC(=O)C(N)Cc2[nH]ccn2)C(C)O)C(C)O)C(=O)NC(C(C)C)C(O)=O
trientine hydrochloride,1,[H+].[H+].[Cl-].[Cl-].NCCNCCNCCN
chlorpropamide,2,CCCNC(=O)N[S](=O)(=O)c1ccc(Cl)cc1
cyclosporine,7,CCC1NC(=O)C(C(O)C(C)C\C=C\C)N(C)C(=O)C(C(C)C)N(C)C(=O)C(CC(C)C)N(C)C(=O)C(CC(C)C)N(C)C(=O)C(C)NC(=O)C(C)NC(=O)C(CC(C)C)N(C)C(=O)C(NC(=O)C(CC(C)C)N(C)C(=O)CN(C)C1=O)C(C)C
enalaprilat,7,O.O.C[C@H](N[C@@H](CCc1ccccc1)C(O)=O)C(=O)N2CCC[C@H]2C(O)=O
decitabine,4,NC1=NC(=O)N(C=N1)C2CC(O)C(CO)O2
deferoxamine,0,CC(=O)N(O)CCCCCNC(=O)CCC(=O)N(O)CCCCCNC(=O)CCC(=O)N(O)CCCCCN
doxycycline,3,O.C[C@@H]1[C@H]2[C@H](O)[C@H]3[C@H](N(C)C)C(=O)C(=C(N)/O)/C(=O)[C@@]3(O)C(=O)C2=C(O)c4c(O)cccc14
exemestane,4,C[C@]12CC[C@H]3[C@@H](CC(=C)C4=CC(=O)C=C[C@]34C)[C@@H]1CCC2=O
felodipine,3,CCOC(=O)C1=C(C)NC(=C(C1c2cccc(Cl)c2Cl)C(=O)OC)C
fludrocortisone,0,C[C@]12C[C@H](O)[C@@]3(F)[C@@H](CCC4=CC(=O)CC[C@]34C)[C@@H]1CC[C@]2(O)C(=O)CO
fluphenazine,3,OCCN1CCN(CCCN2c3ccccc3Sc4ccc(cc24)C(F)(F)F)CC1
fulvestrant,7,C[C@]12CC[C@H]3[C@@H]([C@H](CCCCCCCCC[S](=O)CCCC(F)(F)C(F)(F)F)Cc4cc(O)ccc34)[C@@H]1CC[C@@H]2O
gefitinib,4,COc1cc2ncnc(Nc3ccc(F)c(Cl)c3)c2cc1OCCCN4CCOCC4
haloperidol,5,OC1(CCN(CCCC(=O)c2ccc(F)cc2)CC1)c3ccc(Cl)cc3
mesalazine,7,Nc1ccc(O)c(c1)C(O)=O
ioversol,0,OCCN(C(=O)CO)c1c(I)c(C(=O)NCC(O)CO)c(I)c(C(=O)NCC(O)CO)c1I
histrelin acetate,3,O.CCNC(=O)C1CCCN1C(=O)C(CCCNC(N)=N)NC(=O)C(CC(C)C)NC(=O)C(Cc2cn(Cc3ccccc3)cn2)NC(=O)C(Cc4ccc(O)cc4)NC(=O)C(CO)NC(=O)C(Cc5c[nH]c6ccccc56)NC(=O)C(Cc7c[nH]cn7)NC(=O)C8CCC(=O)N8.CC(O)=O
oxaprozin,3,OC(=O)CCc1oc(c2ccccc2)c(n1)c3ccccc3
paclitaxel,4,CC(=O)O[C@H]1C(=O)[C@]2(C)[C@@H](O)C[C@H]3OC[C@@]3(OC(C)=O)C2[C@H](OC(=O)c4ccccc4)[C@]5(O)C[C@H](OC(=O)[C@H](O)[C@@H](NC(=O)c6ccccc6)c7ccccc7)C(=C1C5(C)C)C
phentolamine,0,Cc1ccc(cc1)N(CC2=NCCN2)c3cccc(O)c3
prochlorperazine,2,CN1CCN(CCCN2c3ccccc3Sc4ccc(Cl)cc24)CC1
sodium thiosulfate,0,[Na+].[Na+].[O-][S]([O-])(=O)=S
tacrolimus,5,CO[C@@H]1C[C@@H](CC[C@H]1O)/C=C(C)/[C@H]2OC(=O)[C@@H]3CCCCN3C(=O)C(=O)[C@]4(O)O[C@H]([C@H](C[C@@H](C)CC(=C/[C@@H](CC=C)C(=O)C[C@H](O)[C@H]2C)/C)OC)[C@H](C[C@H]4C)OC
thalidomide,4,O=C1CCC(N2C(=O)c3ccccc3C2=O)C(=O)N1
thioridazine,5,CSc1ccc2Sc3ccccc3N(CCC4CCCCN4C)c2c1
thioguanine,2,NC1=Nc2nc[nH]c2C(=S)N1
tolbutamide,2,CCCCNC(=O)N[S](=O)(=O)c1ccc(C)cc1
topiramate,3,CC1(C)O[C@@H]2CO[C@@]3(CO[S](N)(=O)=O)OC(C)(C)O[C@H]3[C@@H]2O1
trifluoperazine,2,CN1CCN(CCCN2c3ccccc3Sc4ccc(cc24)C(F)(F)F)CC1
triptorelin pamoate,3,N.CC(C)CC(NC(=O)C(CC1=CCc2ccccc12)NC(=O)C(Cc3ccc(O)cc3)NC(=O)C(CO)NC(=O)C(CCc4ccccc4NC=C)NC(=O)C(CC(=O)C5CCC(=O)N5)Cc6[nH]cnc6)C(=O)NC(CCCNC(N)=N)C(=O)CN7CCCC7C(=O)NCC(N)=O.OC(=O)c8cc9ccccc9c(Cc%10c(O)c(cc%11ccccc%10%11)C(O)=O)c8O
alatrofloxacin mesylate,8,C[C@H](N)C(=O)N[C@@H](C)C(=O)NC1[C@H]2CN(C[C@@H]12)c3nc4N(C=C(C(O)=O)C(=O)c4cc3F)c5ccc(F)cc5F.C[S](O)(=O)=O
vorinostat,0,ONC(=O)CCCCCCC(=O)Nc1ccccc1
doxercalciferol,3,CC(C)[C@@H](C)/C=C/[C@@H](C)[C@H]1CC[C@H]2\C(CCC[C@]12C)=C\C=C3\C[C@@H](O)C[C@H](O)C3=C
ganirelix acetate,0,CCNC(NCC)=NCCCC[C@@H](NC(=O)[C@@H](Cc1ccc(O)cc1)NC(=O)[C@@H](CO)NC(=O)[C@H](Cc2cccnc2)NC(=O)[C@H](Cc3ccc(Cl)cc3)NC(=O)C(Cc4ccc5ccccc5c4)NC(C)=O)C(=O)N[C@@H](CC(C)C)C(=O)N[C@@H](CCCCN=C(NCC)NCC)C(=O)N6CCCC6C(=O)N[C@H](C)C(N)=O.CC(O)=O.CC(O)=O
methylprednisolone,3,C[C@H]1C[C@H]2[C@@H]3CC[C@](O)(C(=O)CO)[C@@]3(C)C[C@H](O)[C@@H]2[C@@]4(C)C=CC(=O)C=C14
gamma hydroxybutyric acid,0,OCCCC(O)=O
l-glutamine,3,N[C@@H](CCC(N)=O)C(O)=O
cetrorelix,3,CC(C)C[C@H](NC(=O)[C@@H](CCCNC(N)=O)NC(=O)[C@H](Cc1ccc(O)cc1)NC(=O)[C@H](CO)NC(=O)[C@@H](Cc2cccnc2)NC(=O)[C@@H](Cc3ccc(Cl)cc3)NC(=O)[C@@H](Cc4ccc5ccccc5c4)NC(C)=O)C(=O)N[C@@H](CCCNC(N)=N)C(=O)N6CCC[C@H]6C(=O)N[C@H](C)C(N)=O.OC(=O)C(F)(F)F
tegaserod,3,CCCCCN=C(N)NN/C=C/1C=Nc2ccc(CO)cc12
penicillamine,2,CC(C)(S)[C@H](N)C(O)=O
pramlintide,0,CC[C@H](C)[C@H](NC(=O)[C@@H]1CCCN1C(=O)CNC(=O)[C@H](Cc2ccccc2)NC(=O)[C@H](CC(N)=O)NC(=O)[C@H](CC(N)=O)NC(=O)[C@H](CO)NC(=O)[C@H](CO)NC(=O)[C@H](Cc3[nH]cnc3)NC(=O)[C@@H](NC(=O)[C@H](CC(C)C)NC(=O)[C@H](Cc4ccccc4)NC(=O)[C@H](CC(N)=O)NC(=O)[C@H](C)NC(=O)[C@H](CC(C)C)NC(=O)[C@H](CCCNC(N)=N)NC(=O)[C@H](CCC(N)=O)NC(=O)[C@@H](NC(=O)[C@H](C)NC(=O)[C@H](CS)NC(=O)[C@@H](NC(=O)[C@H](C)NC(=O)[C@@H](NC(=O)[C@H](CC(N)=O)NC(=O)[C@H](CS)NC(=O)[C@@H](N)CCCCN)[C@@H](C)O)[C@@H](C)O)[C@@H](C)O)C(C)C)C(=O)N[C@@H](CC(C)C)C(=O)N5CCC[C@H]5C(=O)N6CCC[C@H]6C(=O)N[C@@H]([C@@H](C)O)C(=O)N[C@@H](CC(N)=O)C(=O)N[C@@H](C(C)C)C(=O)NCC(=O)N[C@@H](CO)C(=O)N[C@@H](CC(N)=O)C(=O)N[C@@H]([C@@H](C)O)C(=O)N[C@@H](Cc7ccc(O)cc7)C(N)=O
lanthanum carbonate,0,[La+3].[La+3].[O-]C([O-])=O.[O-]C([O-])=O.[O-]C([O-])=O
fomepizole,3,Cc1c[nH]nc1
acetazolamide,8,CC(=O)Nc1sc(nn1)[S](N)(=O)=O
albendazole,7,CCCSc1ccc2nc(NC(=O)OC)[nH]c2c1
alprazolam,7,Cc1nnc2CN=C(c3ccccc3)c4cc(Cl)ccc4n12
altretamine,2,CN(C)c1nc(nc(n1)N(C)C)N(C)C
amantadine,3,[Cl-].NC12CC3CC(CC(C3)C1)C2.[H+]
4-aminosalicylic acid,5,Nc1ccc(C(O)=O)c(O)c1
amoxicillin,5,O.O.O.CC1(C)S[C@@H]2[C@H](NC(=O)[C@H](N)c3ccc(O)cc3)C(=O)N2[C@H]1C(O)=O
atropine,0,CN1C2CCC1CC(C2)OC(=O)C(CO)c3ccccc3
balsalazide,8,OC(=O)CCNC(=O)c1ccc(N\N=C/2C=CC(=O)C(=C2)C(O)=O)cc1
benoxaprofen,8,CC(C(O)=O)c1ccc2oc(nc2c1)c3ccc(Cl)cc3
emtricitabine,2,NC1=NC(=O)N(C=C1F)[C@@H]2CS[C@H](CO)O2
bromfenac,8,[Na+].Nc1c(CC([O-])=O)cccc1C(=O)c2ccc(Br)cc2
gadofosveset trisodium,0,O.[Na+].[Na+].[Na+].[Gd+3].[O-]C(=O)CN(CCN(CC([O-])=O)CC([O-])=O)C[C@H](CO[P]([O-])(=O)OC1CCC(CC1)(c2ccccc2)c3ccccc3)N(CC([O-])=O)CC([O-])=O
clonazepam,3,[O-][N+](=O)c1ccc2NC(=O)CN=C(c3ccccc3Cl)c2c1
entecavir,7,O.NC1=NC(=O)c2ncn(C3C[C@H](O)[C@@H](CO)C3=C)c2N1
danazol,8,C[C@]12Cc3cnoc3C=C1CC[C@@H]4[C@@H]2CC[C@@]5(C)[C@H]4CC[C@@]5(O)C#C
daunorubicin,0,COc1cccc2C(=O)c3c(O)c4C[C@](O)(C[C@H](O[C@H]5C[C@H](N)[C@H](O)[C@H](C)O5)c4c(O)c3C(=O)c12)C(C)=O
dimenhydrinate,0,CN(C)CCOC(c1ccccc1)c2ccccc2.CN3C(=O)N(C)c4nc(Cl)[nH]c4C3=O
doxapram,0,CCN1CC(CCN2CCOCC2)C(C1=O)(c3ccccc3)c4ccccc4
febuxostat,8,CC(C)COc1ccc(cc1C#N)c2sc(C(O)=O)c(C)n2
granisetron,3,CN1[C@H]2CCC[C@@H]1CC(C2)NC(=O)c3nn(C)c4ccccc34
griseofulvin,8,COC1CC(=O)C[C@@H](C)[C@]12Oc3c(Cl)c(OC)cc(OC)c3C2=O
hydralazine,3,NNc1nncc2ccccc12
ibufenac,8,CC(C)Cc1ccc(CC(O)=O)cc1
ifosfamide,4,ClCCN[P]1(=O)OCCCN1CCCl
deferasirox,7,OC(=O)c1ccc(cc1)N\2N\C(NC2=C\3C=CC=CC3=O)=C/4C=CC=CC4=O
rufinamide,3,NC(=O)c1cn(Cc2c(F)cccc2F)nn1
sunitinib,8,CCN(CC)CCNC(=O)c1c(C)[nH]c(\C=C2/C(=O)Nc3ccc(F)cc23)c1C
ivermectin,3,CCC(C)[C@H]1O[C@]2(CC[C@@H]1C)C[C@@H]3C[C@@H](C/C=C(C)/[C@@H](O[C@H]4C[C@H](OC)[C@@H](O[C@H]5C[C@H](OC)[C@@H](O)[C@H](C)O5)[C@H](C)O4)[C@@H](C)/C=C/C=C/6CO[C@@H]7[C@H](O)C(=C[C@@H](C(=O)O3)[C@]67O)C)O2.CO[C@H]8C[C@@H](O[C@@H](C)[C@@H]8O)O[C@H]9[C@H](C)O[C@H](C[C@@H]9OC)O[C@H]\%10[C@@H](C)/C=C/C=C/%11CO[C@@H]%12[C@H](O)C(=C[C@@H](C(=O)O[C@H]%13C[C@@H](C/C=C%10C)O[C@@]%14(CC[C@H](C)[C@H](O%14)C(C)C)C%13)[C@]%11%12O)C
lamivudine,3,NC1=NC(=O)N(C=C1)[C@@H]2CS[C@H](CO)O2
methylnaltrexone bromide,0,[Br-].C[N+]1(CC[C@]23[C@H]4Oc5c(O)ccc(C[C@@H]1[C@]2(O)CCC4=O)c35)CC6CC6
letrozole,2,N#Cc1ccc(cc1)C(n2cncn2)c3ccc(cc3)C#N
desvenlafaxine,3,CN(C)CC(c1ccc(O)cc1)C2(O)CCCCC2
lomefloxacin,4,CCN1C=C(C(O)=O)C(=O)c2cc(F)c(N3CCNC(C)C3)c(F)c12
lomustine,3,ClCCN(N=O)C(=O)NC1CCCCC1
lovastatin,3,CC[C@H](C)C(=O)O[C@H]1C[C@@H](C)C=C2C=C[C@H](C)[C@H](CC[C@@H]3C[C@@H](O)CC(=O)O3)[C@@H]12
telbivudine,2,CC1=CN([C@@H]2C[C@@H](O)[C@H](CO)O2)C(=O)NC1=O
methimazole,8,CN1C=CNC1=S
methocarbamol,5,COc1ccccc1OCC(O)COC(N)=O
metronidazole,3,Cc1ncc(n1CCO)[N+]([O-])=O
minoxidil,0,NC1=CC(=NC(=N)N1O)N2CCCCC2
mitomycin,0,CO[C@@]12[C@H](COC(N)=O)C3=C(N1C[C@@H]4N[C@H]24)C(=O)C(=C(N)C3=O)C
modafinil,3,NC(=O)C[S](=O)C(c1ccccc1)c2ccccc2
naloxone,0,Oc1ccc2C[C@H]3N(CC[C@@]45[C@@H](Oc1c24)C(=O)CC[C@@]35O)CC=C
naproxen,3,COc1ccc2cc(ccc2c1)C(C)C(O)=O
nateglinide,3,CC(C)C1CCC(CC1)C(=O)N[C@@H](Cc2ccccc2)C(O)=O
neomycin,0,NC[C@H]1O[C@H](O[C@@H]2[C@@H](N)C[C@@H](N)[C@H](O)[C@H]2O[C@@H]3O[C@H](CO)[C@@H](O[C@H]4O[C@@H](CN)[C@@H](O)[C@H](O)[C@H]4N)[C@H]3O)[C@H](N)[C@@H](O)[C@@H]1O
nystatin,0,CC1OC(=O)CC(O)CC(O)CC(O)CCC(O)C(O)CC(=O)CC(O)C(C(O)CC(OC2O[C@H](C)[C@@H](O)[C@H](N)[C@@H]2O)\C=C\C=C\C=C\C=C\CC/C=C/C=C/C(C)C(O)C1C)C(O)=O
oxytetracycline,2,O.O.CN(C)[C@H]1[C@@H]2[C@@H](O)[C@H]3C(=C(O)c4c(O)cccc4[C@@]3(C)O)C(=O)[C@]2(O)C(=O)\C(=C(N)/O)C1=O
pantoprazole,3,COc1ccnc(C[S](=O)c2[nH]c3cc(OC(F)F)ccc3n2)c1OC
pralidoxime,3,[Cl-].CN1C=CC=C\C1=C/[NH+]=O
prednisolone,3,C[C@]12C[C@H](O)[C@H]3[C@@H](CCC4=CC(=O)C=C[C@]34C)[C@@H]1CC[C@]2(O)C(=O)CO
primaquine,0,COc1cc(NC(C)CCCN)c2ncccc2c1
procarbazine,3,CNNCc1ccc(cc1)C(=O)NC(C)C
lanreotide acetate,2,CC(C)C1NC(=O)C(CCCCN)NC(=O)C(Cc2c[nH]c3ccccc23)NC(=O)C(Cc4ccc(O)cc4)NC(=O)C(CSSCC(NC1=O)C(=O)NC(C(C)O)C(N)=O)NC(=O)C(N)Cc5ccc6ccccc6c5.CC(O)=O
ambrisentan,7,COC(C(Oc1nc(C)cc(C)n1)C(O)=O)(c2ccccc2)c3ccccc3
doripenem,3,C[C@@H](O)[C@@H]1[C@H]2[C@@H](C)C(=C(N2C1=O)C(O)=O)S[C@@H]3CN[C@H](CN[S](N)(=O)=O)C3
secobarbital,3,CCCC(C)C1(CC=C)C(=O)NC(=O)NC1=O
sertraline,3,[Cl-].CN[C@H]1CC[C@@H](c2ccc(Cl)c(Cl)c2)c3ccccc13.[H+]
sotalol,3,CC(C)NCC(O)c1ccc(N[S](C)(=O)=O)cc1
streptozocin,3,CN(N=O)C(=O)N[C@H]1[C@@H](O)O[C@H](CO)[C@@H](O)[C@@H]1O
sulfathiazole,8,Nc1ccc(cc1)[S](=O)(=O)Nc2sccn2
terbinafine,8,CN(C\C=C\C#CC(C)(C)C)Cc1cccc2ccccc12
thiabendazole,7,[nH]1c2ccccc2nc1c3cscn3
ticrynafen,8,OC(=O)COc1ccc(c(Cl)c1Cl)C(=O)c2sccc2
tinidazole,3,CC[S](=O)(=O)CCn1c(C)ncc1[N+]([O-])=O
torasemide,2,CC(C)NC(=O)N[S](=O)(=O)c1cnccc1Nc2cccc(C)c2
maraviroc,3,CC(C)c1nnc(C)n1C2C[C@H]3CC[C@@H](C2)N3CC[C@H](NC(=O)C4CCC(F)(F)CC4)c5ccccc5
raltegravir,7,CN1C(=O)C(=O)\C(N=C1C(C)(C)NC(=O)c2oc(C)nn2)=C(\O)NCc3ccc(F)cc3
clevidipine,0,CCCC(=O)OCOC(=O)C1=C(C)NC(=C([C@H]1c2cccc(Cl)c2Cl)C(=O)OC)C
trovafloxacin,8,NC1[C@H]2CN(C[C@@H]12)c3nc4N(C=C(C(O)=O)C(=O)c4cc3F)c5ccc(F)cc5F
regadenoson,0,CNC(=O)c1cnn(c1)c2nc(N)c3ncn([C@@H]4O[C@H](CO)[C@@H](O)[C@H]4O)c3n2
warfarin,5,CC(=O)CC(c1ccccc1)C2=C(O)Oc3ccccc3C2=O
zaleplon,0,CCN(C(C)=O)c1cccc(c1)c2ccnc3n2ncc3C#N
zileuton,5,CC(N(O)C(N)=O)c1sc2ccccc2c1
etravirine,8,Cc1cc(cc(C)c1Oc2nc(Nc3ccc(cc3)C#N)nc(N)c2Br)C#N
iloperidone,2,COc1cc(ccc1OCCCN2CCC(CC2)c3noc4cc(F)ccc34)C(C)=O
silodosin,3,C[C@H](Cc1cc2CCN(CCCO)c2c(c1)C(N)=O)NCCOc3ccccc3OCC(F)(F)F
bendamustine,0,Cn1c(CCCC(O)=O)nc2cc(ccc12)N(CCCl)CCCl
lacosamide,3,COC[C@@H](NC(C)=O)C(=O)NCc1ccccc1
tolvaptan,8,Cc1ccccc1C(=O)Nc2ccc(c(C)c2)C(=O)N3CCC[C@@H](O)c4cc(Cl)ccc34
eltrombopag olamine,4,CC1=C(N\N=C\2C=CC=C(C2=O)c3cccc(c3)C(O)=O)C(=O)N(N1)c4ccc(C)c(C)c4.NCCO.NCCO
tapentadol,0,CC[C@H]([C@@H](C)CN(C)C)c1cccc(O)c1
prasugrel hydrochloride,0,[H+].[Cl-].CC(=O)Oc1sc2CCN(Cc2c1)C(C(=O)C3CC3)c4ccccc4F
saxagliptin,0,N[C@H](C(=O)N1[C@@H](C[C@@H]2C[C@H]12)C#N)C34CC5CC(CC(O)(C5)C3)C4.OC(=O)C(F)(F)F
pitavastatin,3,OC(CC(O)/C=C/c1c(nc2ccccc2c1c3ccc(F)cc3)C4CC4)CC(O)=O
romidepsin,0,C/C=C/1NC(=O)[C@H]2CSSCC/C=C/[C@H](CC(=O)N[C@H](C(C)C)C(=O)N2)OC(=O)[C@@H](NC1=O)C(C)C
fenofibric acid,2,CC(Oc1ccc(Oc2ccc(Cl)cc2)cc1)C(O)=O
dronedarone,7,CCCCN(CCCC)CCCOc1ccc(cc1)C(=O)c2c(CCCC)oc3ccc(N[S](C)(=O)=O)cc23
pralatrexate,3,Nc1nc(N)c2nc(CC(CC#C)c3ccc(cc3)C(=O)N[C@@H](CCC(O)=O)C(O)=O)cnc2n1
estropipate,2,C[C@]12CC[C@H]3[C@@H](CCc4cc(O[S](O)(=O)=O)ccc34)[C@@H]1CCC2=O.C5CNCCN5
dexchlorpheniramine,0,CN(C)CC[C@@H](c1ccc(Cl)cc1)c2ccccn2
divalproex sodium,8,[Na+].CCCC(CCC)C(O)=O.CCCC(CCC)C([O-])=O
lumiracoxib,8,Cc1ccc(Nc2c(F)cccc2Cl)c(CC(O)=O)c1
tasosartan,8,Cc1nc(C)c2CCC(=O)N(Cc3ccc(cc3)c4ccccc4c5n[nH]nn5)c2n1
oxyphenisatin,8,Oc1ccc(cc1)C2(C(=O)Nc3ccccc23)c4ccc(O)cc4
tilbroquinol,8,Cc1cc(Br)c(O)c2ncccc12
alclofenac,8,OC(=O)Cc1ccc(OCC=C)c(Cl)c1
aplaviroc,8,CCCCN1C(=O)[C@H](NC(=O)C12CCN(CC2)Cc3ccc(Oc4ccc(cc4)C(O)=O)cc3)[C@H](O)C5CCCCC5
clomacran,8,CN(C)CCCC1c2ccccc2Nc3ccc(Cl)cc13
isaxonine,8,CC(C)Nc1ncccn1
pipamazine,8,NC(=O)C1CCN(CCCN2c3ccccc3Sc4ccc(Cl)cc24)CC1
pralnacasan,8,CCO[C@@H]1OC(=O)C[C@@H]1NC(=O)[C@@H]2CCCN3N2C(=O)[C@H](CCC3=O)NC(=O)c4nccc5ccccc45
sulfacarbamide,8,NC(=O)N[S](=O)(=O)c1ccc(N)cc1
triacetyldiphenolisatin,8,CC(=O)Oc1ccc(cc1)C2(C(=O)N(C(C)=O)c3ccccc23)c4ccc(OC(C)=O)cc4
fiduxosin,8,COc1cccc2OC[C@H]3CN(CCCCN4C(=O)Nc5c(sc6ncc(nc56)c7ccccc7)C4=O)C[C@H]3c12
phenoxypropazine,8,CC(COc1ccccc1)NN
histamine diphosphate,0,NCCc1c[nH]cn1.O[P](O)(=O)O[P](O)(O)=O
butabarbital,3,CCC(C)C1(CC)C(=O)NC(=O)NC1=O
guanidine,3,NC(N)=N
aminophylline,0,CN1C(=O)N(C)c2nc[nH]c2C1=O.CN3C(=O)N(C)c4nc[nH]c4C3=O.NCCN
meperidine,0,CCOC(=O)C1(CCN(C)CC1)c2ccccc2
methamphetamine,0,CN[C@@H](C)Cc1ccccc1
methadone,3,CCC(=O)C(CC(C)N(C)C)(c1ccccc1)c2ccccc2
doxylamine,0,CN(C)CCOC(C)(c1ccccc1)c2ccccn2
bethanechol,0,[Cl-].CC(C[N+](C)(C)C)OC(N)=O
cortisone acetate,0,CC(=O)OCC(=O)[C@@]1(O)CC[C@H]2[C@@H]3CCC4=CC(=O)CC[C@]4(C)[C@H]3C(=O)C[C@]12C
dicyclomine,0,CCN(CC)CCOC(=O)C1(CCCCC1)C2CCCCC2
norepinephrine,0,NCC(O)c1ccc(O)c(O)c1
dyphylline,0,CN1C(=O)N(C)c2ncn(CC(O)CO)c2C1=O
epinephrine,0,CNC[C@H](O)c1ccc(O)c(O)c1
succinylcholine,0,C[N+](C)(C)CCOC(=O)CCC(=O)OCC[N+](C)(C)C
levorphanol,0,CN1CC[C@]23CCCC[C@H]2[C@H]1Cc4ccc(O)cc34
propantheline,0,CC(C)[N+](C)(CCOC(=O)C1c2ccccc2Oc3ccccc13)C(C)C
carbinoxamine,0,CN(C)CCOC(c1ccc(Cl)cc1)c2ccccn2
edetic acid,3,OC(=O)CN(CCN(CC(O)=O)CC(O)=O)CC(O)=O
diatrizoate,0,[Na].CC(=O)Nc1c(I)c(NC(C)=O)c(I)c(C(O)=O)c1I
phytonadione,0,CC(C)CCCC(C)CCCC(C)CCC/C(C)=C/CC1=C(C)C(=O)c2ccccc2C1=O
mecamylamine,0,CNC1(C)C2CCC(C2)C1(C)C
liothyronine,0,O.[Na+].N[C@@H](Cc1cc(I)c(Oc2ccc(O)c(I)c2)c(I)c1)C([O-])=O
methsuximide,0,CN1C(=O)CC(C)(C1=O)c2ccccc2
mepenzolate,0,[Br-].C[N+]1(C)CCCC(C1)OC(=O)C(O)(c2ccccc2)c3ccccc3
meclizine,0,Cc1cccc(CN2CCN(CC2)C(c3ccccc3)c4ccc(Cl)cc4)c1
ethotoin,3,CCN1C(=O)NC(C1=O)c2ccccc2
triprolidine,0,Cc1ccc(cc1)\C(=C/CN2CCCC2)c3ccccn3
benzonatate,0,CCCCNc1ccc(cc1)C(=O)OCCOCCOCCOCCOCCOCCOCCOCCOCCOC
Sodium polystyrene sulfonate,0,[Ca++].[O-][S](=O)(=O)c1ccccc1C=C
dichlorphenamide,0,N[S](=O)(=O)c1cc(Cl)c(Cl)c(c1)[S](N)(=O)=O
methohexital,3,CCC#CC(C)C1(CC=C)C(=O)NC(=O)N(C)C1=O
phentermine,0,CC(C)(N)Cc1ccccc1
diethylpropion,0,CCN(CC)C(C)C(=O)c1ccccc1
oxymorphone,0,CN1CC[C@]23[C@H]4Oc5c(O)ccc(C[C@@H]1[C@]2(O)CCC4=O)c35
dexbrompheniramine,0,CN(C)CC[C@@H](c1ccc(Br)cc1)c2ccccn2
hydroflumethiazide,2,N[S](=O)(=O)c1cc2c(NCN[S]2(=O)=O)cc1C(F)(F)F
biperiden,0,OC(CCN1CCCCC1)(C2CC3CC2C=C3)c4ccccc4
isosorbide dinitrate,0,[O-][N+](=O)O[C@H]1CO[C@@H]2[C@@H](CO[C@H]12)O[N+]([O-])=O
mepivacaine,0,CN1CCCCC1C(=O)Nc2c(C)cccc2C
bendroflumethiazide,5,N[S](=O)(=O)c1cc2c(NC(Cc3ccccc3)N[S]2(=O)=O)cc1C(F)(F)F
phendimetrazine,0,C[C@H]1[C@@H](OCCN1C)c2ccccc2
oxytocin,0,CC[C@H](C)[C@@H]1NC(=O)[C@H](Cc2ccc(O)cc2)NC(=O)[C@@H](N)CSSC[C@H](NC(=O)[C@H](CC(N)=O)NC(=O)[C@H](CCC(N)=O)NC1=O)C(=O)N3CCC[C@H]3C(=O)N[C@@H](CC(C)C)C(=O)NCC(N)=O
guanethidine,0,NC(N)=NCCN1CCCCCCC1
ethosuximide,3,CCC1(C)CC(=O)NC1=O
benzphetamine,0,CC(Cc1ccccc1)N(C)Cc2ccccc2
methyclothiazide,2,CN1C(CCl)Nc2cc(Cl)c(cc2[S]1(=O)=O)[S](N)(=O)=O
glycopyrrolate,0,[Br-].C[N+]1(C)CCC(C1)OC(=O)C(O)(C2CCCC2)c3ccccc3
metyrapone,0,CC(C)(c1cccnc1)C(=O)c2cccnc2
metaxalone,5,Cc1cc(C)cc(OCC2CNC(=O)O2)c1
oxandrolone,8,C[C@]1(O)CC[C@H]2[C@@H]3CC[C@H]4CC(=O)OC[C@]4(C)[C@H]3CC[C@]12C
oxazepam,5,OC1N=C(c2ccccc2)c3cc(Cl)ccc3NC1=O
protriptyline,0,CNCCCC1c2ccccc2C=Cc3ccccc13
cosyntropin,0,CSCC[C@H](NC(=O)[C@H](CO)NC(=O)[C@H](Cc1ccc(O)cc1)NC(=O)C(N)CO)C(=O)N[C@@H](CCC(O)=O)C(=O)N[C@@H](Cc2c[nH]cn2)C(=O)N[C@@H](Cc3ccccc3)C(=O)N[C@@H](CCCNC(N)=N)C(=O)N[C@@H](Cc4c[nH]c5ccccc45)C(=O)NCC(=O)N[C@@H](CCCCN)C(=O)N6CCC[C@H]6C(=O)N[C@@H](C(C)C)C(=O)NCC(=O)N[C@H](CCCCN)C(=O)N[C@H](CCCCN)C(=O)N[C@H](CCCNC(N)=N)C(=O)N[C@H](CCCNC(N)=N)C(=O)N7CCC[C@H]7C(=O)N[C@@H](C(C)C)C(=O)N[C@@H](CCCCN)C(=O)N[C@@H](C(C)C)C(=O)N[C@@H](Cc8ccc(O)cc8)C(=O)N9CCC[C@H]9C(O)=O
flavoxate,0,CC1=C(Oc2c(cccc2C1=O)C(=O)OCCN3CCCCC3)c4ccccc4
ketamine,0,CNC1(CCCCC1=O)c2ccccc2Cl
diazoxide,3,CC1=N[S](=O)(=O)c2cc(Cl)ccc2N1
pentagastrin,0,CSCCC(NC(=O)C(Cc1c[nH]c2ccccc12)NC(=O)CCNC(=O)OCC(C)C)C(=O)NC(CC(O)=O)C(=O)NC(Cc3ccccc3)C(N)=O
dextroamphetamine,0,C[C@H](N)Cc1ccccc1
terbutaline,3,CC(C)(C)NCC(O)c1cc(O)cc(O)c1
calcitonin salmon,0,CC(C)CC(NC(=O)C(NC(=O)C1CSSCC(N)C(=O)NC(CO)C(=O)NC(CC(N)=O)C(=O)NC(CC(C)C)C(=O)NC(CO)C(=O)NC(C(C)O)C(=O)N1)C(C)C)C(=O)NCC(=O)NC(CCCCN)C(=O)NC(CC(C)C)C(=O)NC(CO)C(=O)NC(CCC(N)=O)C(=O)NC(CCC(O)=O)C(=O)NC(CC(C)C)C(=O)NC(Cc2[nH]cnc2)C(=O)NC(CCCCN)C(=O)NC(CC(C)C)C(=O)NC(CCC(N)=O)C(=O)NC(C(C)O)C(=O)NC(Cc3ccc(O)cc3)C(=O)N4CCCC4C(=O)NC(CCCNC(N)=N)C(=O)NC(C(C)O)C(=O)NC(CC(N)=O)C(=O)NC(C(C)O)C(=O)NCC(=O)NC(CO)C(=O)NCC(=O)NC(C(C)O)C(=O)N5CCCC5C(N)=O
pentetic acid,0,OC(=O)CN(CCN(CC(O)=O)CC(O)=O)CCN(CC(O)=O)CC(O)=O
nitroprusside,0,[Fe](|[N]=O)(|[C]#N)(|[C]#N)(|[C]#N)(|[C]#N)|[C]#N
colestipol,3,NCCNCCNCCNCCN.ClCC1CO1
lactulose,0,OC[C@H]1O[C@@H](O[C@@H]2[C@@H](CO)O[C@](O)(CO)[C@H]2O)[C@H](O)[C@@H](O)[C@H]1O
fluorescein,0,Oc1ccc2c(Oc3cc(O)ccc3C24OC(=O)c5ccccc45)c1
metyrosine,0,C[C@](N)(Cc1ccc(O)cc1)C(O)=O
desmopressin,3,NC(=O)CCC1NC(=O)C(Cc2ccccc2)NC(=O)C(Cc3ccc(O)cc3)NC(=O)CCSSCC(NC(=O)C(CC(N)=O)NC1=O)C(=O)N4CCCC4C(=O)NC(CCCN=C(N)N)C(=O)NCC(N)=O
carboprost tromethamine,0,CCCCC[C@](C)(O)\C=C/C1[C@@H](O)C[C@@H](O)[C@H]1C\C=C\CCCC(O)=O.NC(CO)(CO)CO
calcitriol,0,C[C@H](CCCC(C)(C)O)[C@H]1CC[C@H]2\C(CCC[C@]12C)=C\C=C3\C[C@@H](O)C[C@H](O)C3=C
morphine,0,CN1CC[C@]23[C@H]4Oc5c(O)ccc(C[C@@H]1[C@@H]2C=C[C@@H]4O)c35
marinol,3,CCCCCc1cc(O)c2[C@@H]3C=C(C)CC[C@H]3C(C)(C)Oc2c1
nabilone,0,CCCCCCC(C)(C)c1cc(O)c2[C@@H]3CC(=O)CC[C@H]3C(C)(C)Oc2c1
acetohydroxamic acid,3,CC(=O)NO
vecuronium,0,[Br-].CC(=O)O[C@H]1C[C@@H]2CC[C@@H]3[C@H](CC[C@@]4(C)[C@H]3C[C@@H]([C@@H]4OC(C)=O)[N+]5(C)CCCCC5)[C@@]2(C)C[C@@H]1N6CCCCC6
atracurium,0,COc1ccc(CC2c3cc(OC)c(OC)cc3CC[N+]2(C)CCC(=O)OCCCCCOC(=O)CC[N+]4(C)CCc5cc(OC)c(OC)cc5C4Cc6ccc(OC)c(OC)c6)cc1OC
hydromorphone,3,CN1CC[C@@]23[C@H]4CCC(=O)[C@@H]2Oc5c(O)ccc(C[C@@H]14)c35
sufentanil,0,CCC(=O)N(c1ccccc1)C2(CCN(CCc3sccc3)CC2)COC
misoprostol,3,CCCCC(C)(O)C/C=C/[C@H]1[C@H](O)CC(=O)[C@@H]1CCCCCCC(=O)OC
tranexamic acid,0,NCC1CCC(CC1)C(O)=O
alfentanil,0,CCN1N=NN(CCN2CCC(CC2)(COC)N(C(=O)CC)c3ccccc3)C1=O
ethanolamine oleate,0,CCCCCCCC\C=C/CCCCCCCC(=O)OCCN
urofollitropin,0,CCC(C)C1NC(=O)C(Cc2ccc(O)cc2)NC(=O)C(N)CSSCC(NC(=O)C(CC(N)=O)NC(=O)C(NC1=O)C(C)O)C(=O)N3CCCC3C(=O)NC(CC(C)C)C(=O)NCC(N)=O
milrinone,3,CC1=C(C=C(C#N)C(=O)N1)c2ccncc2
teriparatide,0,CCC(C)C(NC(=O)C(CCC(O)=O)NC(=O)C(CO)NC(=O)C(NC(=O)C(N)CO)C(C)C)C(=O)NC(CCC(N)=O)C(=O)NC(CC(C)C)C(=O)NC(CCSC)C(=O)NC(Cc1c[nH]cn1)C(=O)NC(CC(N)=O)C(=O)NC(CC(C)C)C(=O)NCC(=O)NC(CCCCN)C(=O)NC(Cc2c[nH]cn2)C(=O)NC(CC(C)C)C(=O)NC(CC(N)=O)C(=O)NC(CO)C(=O)NC(CCSC)C(=O)NC(CCC(O)=O)C(=O)NC(CCCNC(N)=N)C(=O)NC(C(C)C)C(=O)NC(CCC(O)=O)C(=O)NC(Cc3c[nH]c4ccccc34)C(=O)NC(CC(C)C)C(=O)NC(CCCNC(N)=N)C(=O)NC(CCCCN)C(=O)NC(CCCCN)C(=O)NC(CC(C)C)C(=O)NC(CCC(N)=O)C(=O)NC(CC(O)=O)C(=O)NC(C(C)C)C(=O)NC(Cc5c[nH]cn5)C(=O)NC(CC(N)=O)C(=O)NC(Cc6ccccc6)C(O)=O
l-cysteine,3,N[C@@H](CS)C(O)=O
gadopentetate dimeglumine,0,[Gd+3].CNC[C@H](O)[C@@H](O)[C@H](O)[C@H](O)CO.CNC[C@H](O)[C@@H](O)[C@H](O)[C@H](O)CO.OC(=O)CN(CCN(CCN(CC(O)=O)CC([O-])=O)CC([O-])=O)CC([O-])=O
rimantadine,0,CC(N)C12CC3CC(CC(C3)C1)C2
goserelin,3,CC(C)CC(NC(=O)C(COC(C)(C)C)NC(=O)C(Cc1ccc(O)cc1)NC(=O)C(CO)NC(=O)C(Cc2c[nH]c3ccccc23)NC(=O)C(Cc4[nH]cnc4)NC(=O)C5CCC(=O)N5)C(=O)NC(CCCN=C(N)N)C(=O)N6CCCC6C(=O)NNC(N)=O
fenoldopam,0,Oc1ccc(cc1)C2CNCCc3c(Cl)c(O)c(O)cc23
metoprolol succinate,3,COCCc1ccc(OCC(O)CNC(C)C)cc1.COCCc2ccc(OCC(O)CNC(C)C)cc2.OC(=O)CCC(O)=O
calcium acetate,0,[Ca++].CC([O-])=O.CC([O-])=O
mivacurium,0,COc1cc2CC[N+](C)(CCCOC(=O)CC\C=C\CCC(=O)OCCC[N+]3(C)CCc4cc(OC)c(OC)cc4[C@H]3Cc5cc(OC)c(OC)c(OC)c5)[C@H](Cc6cc(OC)c(OC)c(OC)c6)c2cc1OC
gadodiamide,3,O.[Gd+3].CNC(=O)CN(CCN(CCN(CC([O-])=O)CC(=O)NC)CC([O-])=O)CC([O-])=O
gadoteridol,0,[Gd+3].CC(O)CN1CCN(CCN(CCN(CC1)CC([O-])=O)CC([O-])=O)CC([O-])=O
enoxaparin,3,CC(=O)NC1C(O)OC(CO[S](O)(=O)=O)C(OC2OC(C(OC3OC(CO)C(OC4OC(C(O)C(O)C4O[S](O)(=O)=O)C(O)=O)C(O[S](O)(=O)=O)C3N[S](O)(=O)=O)C(O)C2O[S](O)(=O)=O)C(O)=O)C1O
perindopril,3,CCC[C@H](N[C@@H](C)C(=O)N1[C@H]2CCCC[C@H]2C[C@H]1C(O)=O)C(=O)OCC
pentosan polysulfate,3,O[C@@H]1CO[C@@H](O[C@@H]2CO[C@@H](O)[C@H](O[S](O)(=O)=O)[C@H]2O[S](O)(=O)=O)[C@H](O[S](O)(=O)=O)[C@H]1O[S](O)(=O)=O
rocuronium,0,CC(=O)O[C@H]1[C@H](C[C@H]2[C@@H]3CC[C@H]4C[C@H](O)[C@H](C[C@]4(C)[C@H]3CC[C@]12C)N5CCOCC5)[N+]6(CCCC6)CC=C
anagrelide,3,Clc1ccc2NC3=NC(=O)CN3Cc2c1Cl
vigabatrin,2,NC(CCC(O)=O)C=C
epoprostenol,7,CCCCC[C@H](O)/C=C/[C@H]1[C@H](O)C[C@@H]2OC(/C[C@H]12)=C\CCCC(O)=O
porfimer,0,CC(O)c1c(C)c2[nH]c1cc3[nH]c(cc4nc(cc5nc(c2)c(C)c5CCC(O)=O)c(CCC(O)=O)c4C)c(C(C)OC(C)c6c(C)c7[nH]c6cc8[nH]c(cc9nc(cc%10nc(c7)c(C)c%10CCC(O)=O)c(CCC(O)=O)c9C)c(C(C)O)c8C)c3C
ibutilide,0,CCCCCCCN(CC)CCCC(O)c1ccc(N[S](C)(=O)=O)cc1
cisatracurium besylate,0,COc1ccc(C[C@@H]2c3cc(OC)c(OC)cc3CC[N@+]2(C)CCC(=O)OCCCCCOC(=O)CC[N@@+]4(C)CCc5cc(OC)c(OC)cc5[C@H]4Cc6ccc(OC)c(OC)c6)cc1OC.[O-][S](=O)(=O)c7ccccc7.[O-][S](=O)(=O)c8ccccc8
oxycodone,0,COc1ccc2C[C@H]3N(C)CC[C@@]45[C@@H](Oc1c24)C(=O)CC[C@@]35O
alendronate,0,NCCCC(O)([P](O)(O)=O)[P](O)(O)=O
tamsulosin,0,CCOc1ccccc1OCCN[C@H](C)Cc2ccc(OC)c(c2)[S](N)(=O)=O
glatiramer acetate,3,C[C@H](N)C(O)=O.CC(O)=O.NCCCC[C@H](N)C(O)=O.N[C@@H](CCC(O)=O)C(O)=O.N[C@@H](Cc1ccc(O)cc1)C(O)=O
dolasetron,3,O=C1CN2C3CC(CC2CC1C3)OC(=O)c4c[nH]c5ccccc45
remifentanil,3,CCC(=O)N(c1ccccc1)C2(CCN(CCC(=O)OC)CC2)C(=O)OC
sibutramine,4,CC(C)CC(N(C)C)C1(CCC1)c2ccc(Cl)cc2
tiagabine,3,Cc1ccsc1C(=CCCN2CCC[C@H](C2)C(O)=O)c3sccc3C
ropinirole,4,CCCN(CCC)CCc1cccc2NC(=O)Cc12
pramipexole,2,CCCN[C@@H]1CCc2nc(N)sc2C1
miglitol,0,OCCN1C[C@H](O)[C@@H](O)[C@H](O)[C@H]1CO
delavirdine,5,CC(C)Nc1cccnc1N2CCN(CC2)C(=O)c3[nH]c4ccc(N[S](C)(=O)=O)cc4c3
tiludronate,0,[Na+].[Na+].O[P]([O-])(=O)C(Sc1ccc(Cl)cc1)[P](O)([O-])=O
eptifibatide,0,NC(N)=NCCCCC1NC(=O)CCSSCC(NC(=O)C2CCCN2C(=O)C(Cc3c[nH]c4ccccc34)NC(=O)C(CC(O)=O)NC(=O)CNC1=O)C(N)=O
eprosartan,3,CCCCc1ncc(\C=C(/Cc2sccc2)C(O)=O)n1Cc3ccc(cc3)C(O)=O
repaglinide,5,CCOc1cc(CC(=O)N[C@@H](CC(C)C)c2ccccc2N3CCCCC3)ccc1C(O)=O
irbesartan,5,CCCCC1=NC2(CCCC2)C(=O)N1Cc3ccc(cc3)c4ccccc4c5n[nH]nn5
naratriptan,4,CN[S](=O)(=O)CCc1ccc2[nH]cc(C3CCN(C)CC3)c2c1
zolmitriptan,3,CN(C)CCc1c[nH]c2ccc(C[C@@H]3COC(=O)N3)cc12
tolterodine,0,CC(C)N(CC[C@@H](c1ccccc1)c2cc(C)ccc2O)C(C)C
nelfinavir,3,Cc1c(O)cccc1C(=O)N[C@@H](CSc2ccccc2)[C@H](O)CN3C[C@H]4CCCC[C@H]4C[C@H]3C(=O)NC(C)(C)C
lepirudin,3,CC[C@H](C)[C@H](NC(=O)[C@H](CS)NC(=O)[C@H](CCCCN)NC(=O)[C@H](CC(N)=O)NC(=O)CNC(=O)[C@H](CCC(N)=O)NC(=O)CNC(=O)[C@H](CS)NC(=O)[C@@H](NC(=O)[C@H](CC(N)=O)NC(=O)[C@H](CO)NC(=O)CNC(=O)[C@H](CCC(O)=O)NC(=O)[C@H](CS)NC(=O)[C@H](CC(C)C)NC(=O)[C@H](CS)NC(=O)[C@H](CC(C)C)NC(=O)[C@H](CC(N)=O)NC(=O)[C@H](CCC(N)=O)NC(=O)CNC(=O)[C@H](CO)NC(=O)[C@H](CCC(O)=O)NC(=O)[C@@H](NC(=O)[C@H](CS)NC(=O)[C@H](CC(O)=O)NC(=O)[C@@H](NC(=O)[C@H](Cc1ccc(O)cc1)NC(=O)[C@@H](NC(=O)[C@@H](N)CC(C)C)[C@@H](C)O)[C@@H](C)O)[C@@H](C)O)C(C)C)C(=O)N[C@@H](CC(C)C)C(=O)NCC(=O)N[C@@H](CO)C(=O)N[C@@H](CC(O)=O)C(=O)NCC(=O)N[C@@H](CCC(O)=O)C(=O)N[C@@H](CCCCN)C(=O)N[C@@H](CC(N)=O)C(=O)N[C@@H](CCC(N)=O)C(=O)N[C@@H](CS)C(=O)N[C@@H](C(C)C)C(=O)N[C@@H]([C@@H](C)O)C(=O)NCC(=O)N[C@@H](CCC(O)=O)C(=O)NCC(=O)N[C@@H]([C@@H](C)O)C(=O)N2CCC[C@H]2C(=O)N[C@@H](CCCCN)C(=O)N3CCC[C@H]3C(=O)N[C@@H](CCC(N)=O)C(=O)N[C@@H](CO)C(=O)N[C@@H](Cc4[nH]cnc4)C(=O)N[C@@H](CC(N)=O)C(=O)N[C@@H](CC(O)=O)C(=O)NCC(=O)N[C@@H](CC(O)=O)C(=O)N[C@@H](Cc5ccccc5)C(=O)N[C@@H](CCC(O)=O)C(=O)N[C@@H](CCC(O)=O)C(=O)N[C@@H]([C@@H](C)CC)C(=O)N6CCC[C@H]6C(=O)N[C@@H](CCC(O)=O)C(=O)N[C@@H](CCC(O)=O)C(=O)N[C@@H](Cc7ccc(O)cc7)C(=O)N[C@@H](CC(C)C)C(=O)N[C@@H](CCC(N)=O)C(O)=O
paricalcitol,3,C[C@H](\C=C\[C@H](C)C(C)(C)O)[C@H]1CC[C@H]2\C(CCC[C@]12C)=C\C=C3/C[C@@H](O)C[C@H](O)C3
rivastigmine,3,CCN(C)C(=O)Oc1cccc(c1)[C@H](C)N(C)C
ziprasidone,3,Clc1cc2NC(=O)Cc2cc1CCN3CCN(CC3)c4nsc5ccccc45
risedronate,3,OC(Cc1cccnc1)([P](O)(O)=O)[P](O)(O)=O
candesartan,3,CCOc1nc2cccc(C(O)=O)c2n1Cc3ccc(cc3)c4ccccc4c5n[nH]nn5
clopidogrel,7,COC(=O)[C@@H](N1CCc2sccc2C1)c3ccccc3Cl
cilostazol,5,O=C1CCc2cc(OCCCCc3nnnn3C4CCCCC4)ccc2N1
rizatriptan,0,CN(C)CCc1c[nH]c2ccc(Cn3cncn3)cc12
bivalirudin,0,CC[C@H](C)[C@H](NC(=O)[C@H](CCC(O)=O)NC(=O)[C@H](CCC(O)=O)NC(=O)[C@H](Cc1ccccc1)NC(=O)[C@H](CC(O)=O)NC(=O)CNC(=O)[C@H](CC(N)=O)NC(=O)CNC(=O)CNC(=O)CNC(=O)CNC(=O)[C@@H]2CCCN2C(=O)[C@H](CCCNC(N)=N)NC(=O)[C@@H]3CCCN3C(=O)[C@H](N)Cc4ccccc4)C(=O)N5CCC[C@H]5C(=O)N[C@@H](CCC(O)=O)C(=O)N[C@@H](CCC(O)=O)C(=O)N[C@@H](Cc6ccc(O)cc6)C(=O)N[C@@H](CC(C)C)C(O)=O
azacitidine,8,NC1=NC(=O)N(C=N1)[C@@H]2O[C@H](CO)[C@@H](O)[C@H]2O
fluorouracil,0,FC1=CNC(=O)NC1=O
argatroban,0,O.C[C@@H]1CCN([C@H](C1)C(O)=O)C(=O)C(CCCN=C(N)N)N[S](=O)(=O)c2cccc3CC(C)CNc23
sildenafil,3,CCCc1nn(C)c2C(=O)N=C(Nc12)c3cc(ccc3OCC)[S](=O)(=O)N4CCN(C)CC4
acarbose,8,C[C@H]1O[C@H](O[C@H]2[C@H](O)[C@@H](O)[C@H](O[C@@H]2CO)O[C@H]3[C@H](O)[C@@H](O)[C@H](O)O[C@@H]3CO)[C@H](O)[C@@H](O)[C@@H]1N[C@H]4C=C(CO)[C@H](O)[C@H](O)[C@H]4O
acebutolol,3,CCCC(=O)Nc1ccc(OCC(O)CNC(C)C)c(c1)C(C)=O
tirofiban,0,CCCC[S](=O)(=O)N[C@@H](Cc1ccc(OCCCCC2CCNCC2)cc1)C(O)=O
sevelamer,0,[H+].[Cl-].NCC=C.ClCC1CO1
dofetilide,0,CN(CCOc1ccc(N[S](C)(=O)=O)cc1)CCc2ccc(N[S](C)(=O)=O)cc2
acetylcysteine,0,CC(=O)N[C@@H](CS)C(O)=O
acitretin,5,COc1cc(C)c(\C=C\C(C)=C\C=C\C(C)=C\C(O)=O)c(C)c1C
adenosine,0,Nc1ncnc2n(cnc12)[C@@H]3O[C@H](CO)[C@@H](O)[C@H]3O
cevimeline,3,O.[Cl-].[Cl-].C[C@@H]1O[C@@]2(CS1)CN3CCC2CC3.C[C@@H]4O[C@@]5(CS4)CN6CCC5CC6.[H+].[H+]
salbutamol,0,CC(C)(C)NCC(O)c1ccc(O)c(CO)c1
almotriptan,0,CN(C)CCc1c[nH]c2ccc(C[S](=O)(=O)N3CCCC3)cc12
frovatriptan,0,CN[C@@H]1CCc2[nH]c3ccc(cc3c2C1)C(N)=O
amprenavir,3,CC(C)CN(C[C@@H](O)[C@H](Cc1ccccc1)NC(=O)O[C@H]2CCOC2)[S](=O)(=O)c3ccc(N)cc3
oxcarbazepine,3,NC(=O)N1c2ccccc2CC(=O)c3ccccc13
rifapentine,4,CO[C@H]1\C=C\O[C@@]2(C)Oc3c(C)c(O)c4C(=C(NC(=O)C(=C/C=C/[C@H](C)[C@H](O)[C@@H](C)[C@@H](O)[C@@H](C)[C@H](OC(C)=O)[C@@H]1C)\C)C(=C/NN5CCN(CC5)C6CCCC6)\C(=O)c4c3C2=O)O
levetiracetam,8,CC[C@H](N1CCCC1=O)C(N)=O
alpidem,8,CCCN(CCC)C(=O)Cc1n2cc(Cl)ccc2nc1c3ccc(Cl)cc3
dexmedetomidine,4,C[C@H](c1[nH]cnc1)c2cccc(C)c2C
bexarotene,8,Cc1cc2c(cc1C(=C)c3ccc(cc3)C(O)=O)C(C)(C)CCC2(C)C
perflutren,0,FC(F)(F)C(F)(F)C(F)(F)F
amifostine,0,NCCCNCCS[P](O)(O)=O
amikacin,0,NCC[C@H](O)C(=O)N[C@@H]1C[C@H](N)[C@@H](O[C@H]2O[C@H](CN)[C@@H](O)[C@H](O)[C@H]2O)[C@H](O)[C@H]1O[C@H]3O[C@H](CO)[C@@H](O)[C@H](N)[C@H]3O
alosetron,4,Cn1c2CCN(Cc3nc[nH]c3C)C(=O)c2c4ccccc14
aminocaproic acid,0,CCCCC(N)C(O)=O
levothyroxine,3,NC(Cc1cc(I)c(Oc2cc(I)c(O)c(I)c2)c(I)c1)C(O)=O
verteporfin,3,COC(=O)CCc1c(C)c2[nH]c1cc3nc(cc4[nH]c(cc5nc(c2)[C@]6(C)[C@H](C(=O)OC)C(=CC=C56)C(=O)OC)c(C)c4C=C)c(C)c3CCC(O)=O.COC(=O)CCc7c(C)c8cc9[nH]c(cc%10nc(cc%11[nH]c(cc7n8)c(CCC(O)=O)c%11C)[C@]%12(C)[C@H](C(=O)OC)C(=CC=C%10%12)C(=O)OC)c(C)c9C=C
amrinone,5,NC1=CC(=CNC1=O)c2ccncc2
linezolid,3,CC(=O)NC[C@H]1CN(C(=O)O1)c2ccc(N3CCOCC3)c(F)c2
gemifloxacin,3,CO\N=C1/CN(CC1CN)c2nc3N(C=C(C(O)=O)C(=O)c3cc2F)C4CC4
desloratadine,3,Clc1ccc2c(CCc3cccnc3C2=C4CCNCC4)c1
galantamine,3,COc1ccc2CN(C)CC[C@@]34C=C[C@H](O)C[C@@H]3Oc1c24
cefditoren,2,CO\N=C(C(=O)NC1[C@H]2SCC(=C(N2C1=O)C(O)=O)\C=C/c3scnc3C)\c4csc(N)n4
zoledronate,0,OC(Cn1ccnc1)([P](O)(O)=O)[P](O)(O)=O
caspofungin,7,CCC(C)CC(C)CCCCCCCCC(=O)N[C@H]1C[C@@H](O)[C@@H](NCCN)NC(=O)[C@@H]2CCCN2C(=O)[C@@H](NC(=O)[C@@H](NC(=O)[C@@H]3C[C@@H](O)CN3C(=O)[C@@H](NC1=O)[C@@H](C)O)[C@H](O)[C@@H](O)c4ccc(O)cc4)[C@H](O)CCN
nitisinone,7,[O-][N+](=O)c1cc(ccc1C(=O)C2C(=O)CCCC2=O)C(F)(F)F
arsenic trioxide,3,O=[As]O[As]=O
atovaquone,8,OC1=C(C2CCC(CC2)c3ccc(Cl)cc3)C(=O)C(=O)c4ccccc14
voriconazole,8,C[C@@H](c1ncncc1F)[C@](O)(Cn2cncn2)c3ccc(F)cc3F
guaifenesin,0,COc1ccccc1OCC(O)CO
olmesartan,4,CCCc1nc(c(n1Cc2ccc(cc2)c3ccccc3c4n[nH]nn4)C(O)=O)C(C)(C)O
alfuzosin,5,COc1cc2nc(nc(N)c2cc1OC)N(C)CCCNC(=O)C3CCCO3
valganciclovir,3,CC(C)[C@H](N)C(=O)OCC(CO)OCn1cnc2C(=O)N=C(N)Nc12
aztreonam,5,C[C@H]1[C@H](NC(=O)C(=N/OC(C)(C)C(O)=O)\c2csc([NH3+])n2)C(=O)N1[S]([O-])(=O)=O
dutasteride,0,C[C@]12CC[C@H]3[C@@H](CC[C@H]4NC(=O)C=C[C@]34C)[C@@H]1CC[C@@H]2C(=O)Nc5cc(ccc5C(F)(F)F)C(F)(F)F
baclofen,3,NCC(CC(O)=O)c1ccc(Cl)cc1
benazepril,4,CCOC(=O)[C@H](CCc1ccccc1)N[C@H]2CCc3ccccc3N(CC(O)=O)C2=O
bendazac,8,OC(=O)COc1nn(Cc2ccccc2)c3ccccc13
benzarone,8,CCc1oc2ccccc2c1C(=O)c3ccc(O)cc3
benziodarone,8,CCc1oc2ccccc2c1C(=O)c3cc(I)c(O)c(I)c3
ertapenem,3,C[C@@H](O)[C@@H]1[C@H]2[C@@H](C)C(=C(N2C1=O)C(O)=O)S[C@@H]3CN[C@@H](C3)C(=O)Nc4cccc(c4)C(O)=O
benztropine,0,CN1C2CCC1CC(C2)OC(c3ccccc3)c4ccccc4.O[S](O)(=O)=O
fondaparinux sodium,3,[Na+].[Na+].[Na+].[Na+].[Na+].[Na+].[Na+].[Na+].[Na+].[Na+].CO[C@H]1O[C@H](CO[S]([O-])(=O)=O)[C@@H](O[C@@H]2O[C@H]([C@@H](O[C@H]3O[C@H](CO[S]([O-])(=O)=O)[C@@H](O[C@@H]4O[C@@H]([C@@H](O[C@H]5O[C@H](CO[S]([O-])(=O)=O)[C@@H](O)[C@H](O)[C@H]5N[S]([O-])(=O)=O)[C@H](O)[C@H]4O)C([O-])=O)[C@H](O[S]([O-])(=O)=O)[C@H]3N[S]([O-])(=O)=O)[C@H](O)[C@H]2O[S]([O-])(=O)=O)C([O-])=O)[C@H](O)[C@H]1N[S]([O-])(=O)=O
miglustat,0,CCCCN1C[C@H](O)[C@@H](O)[C@H](O)[C@H]1CO
gadobenate dimeglumine,0,[Gd+3].CNC[C@H](O)[C@@H](O)[C@H](O)[C@H](O)CO.CNC[C@H](O)[C@@H](O)[C@H](O)[C@H](O)CO.[H+].[H+].[O-]C(=O)CN(CCN(CC([O-])=O)CC([O-])=O)CCN(CC([O-])=O)C(COCc1ccccc1)C([O-])=O
rifaximin,7,CO[C@H]1/C=C/O[C@@]2(C)Oc3c(C)c(O)c4c(O)c(NC(=O)C(=C\C=C\[C@H](C)[C@H](O)[C@@H](C)[C@@H](O)[C@@H](C)[C@H](OC(C)=O)[C@@H]1C)/C)c5n6ccc(C)cc6nc5c4c3C2=O
tadalafil,3,CN1CC(=O)N2[C@H](Cc3c([nH]c4ccccc34)[C@H]2c5ccc6OCOc6c5)C1=O
palonosetron,4,O=C1N(C[C@@H]2CCCc3cccc1c23)[C@@H]4CN5CCC4CC5
betaxolol,3,CC(C)NCC(O)COc1ccc(CCOCC2CC2)cc1
vardenafil,3,CCCc1nc(C)c2n1NC(=NC2=O)c3cc(ccc3OCC)[S](=O)(=O)N4CCN(CC)CC4
bisoprolol,3,CC(C)NCC(O)COc1ccc(COCCOC(C)C)cc1
atomoxetine,8,CNCC[C@@H](Oc1ccccc1C)c2ccccc2
bosentan,7,COc1ccccc1Oc2c(N[S](=O)(=O)c3ccc(cc3)C(C)(C)C)nc(nc2OCCO)c4ncccn4
acamprosate,3,CC(=O)NCCC[S](O)(=O)=O
aripiprazole,5,Clc1cccc(N2CCN(CCCCOc3ccc4CCC(=O)Nc4c3)CC2)c1Cl
budesonide,0,CCCC1O[C@@H]2C[C@H]3[C@@H]4CCC5=CC(=O)C=C[C@]5(C)[C@H]4[C@@H](O)C[C@]3(C)[C@@]2(O1)C(=O)CO
bumetanide,3,CCCCNc1cc(cc(c1Oc2ccccc2)[S](N)(=O)=O)C(O)=O
buspirone,3,O=C1CC2(CCCC2)CC(=O)N1CCCCN3CCN(CC3)c4ncccn4
eplerenone,4,COC(=O)[C@@H]1CC2=CC(=O)CC[C@]2(C)[C@@]34O[C@@H]3C[C@@]5(C)[C@@H](CC[C@@]56CCC(=O)O6)[C@H]14
butorphanol,0,Oc1ccc2C[C@H]3N(CC[C@@]4(CCCC[C@@]34O)c2c1)CC5CCC5
cabergoline,0,CCNC(=O)N(CCCN(C)C)C(=O)[C@@H]1C[C@H]2[C@@H](Cc3c[nH]c4cccc2c34)N(CC=C)C1
ezetimibe,3,O[C@@H](CC[C@@H]1[C@H](N(C1=O)c2ccc(F)cc2)c3ccc(O)cc3)c4ccc(F)cc4
pregabalin,0,CC(C)C[C@H](CN)CC(O)=O
adefovir,2,Nc1ncnc2n(CCOC[P](O)(O)=O)cnc12
ibandronate,0,CCCCCN(C)CCC(O)([P](O)(O)=O)[P](O)(O)=O
pemetrexed,3,NC1=NC(=O)c2c(CCc3ccc(cc3)C(=O)N[C@H](CCC(O)=O)C(O)=O)c[nH]c2N1
carbenicillin,3,CC1(C)S[C@@H]2[C@H](NC(=O)C(C(O)=O)c3ccccc3)C(=O)N2[C@H]1C(O)=O
carbidopa,3,C[C@@](Cc1ccc(O)c(O)c1)(NN)C(O)=O
eszopiclone,3,CN1CCN(CC1)C(=O)O[C@@H]2N(C(=O)c3nccnc23)c4ccc(Cl)cn4
cefaclor,3,N[C@@H](C(=O)N[C@H]1[C@H]2SCC(=C(N2C1=O)C(O)=O)Cl)c3ccccc3
cefadroxil,7,CC1=C(N2[C@H](SC1)[C@H](NC(=O)[C@H](N)c3ccc(O)cc3)C2=O)C(O)=O
enfuvirtide,3,CC[C@H](C)[C@H](NC(=O)[C@H](CC(C)C)NC(=O)[C@H](CO)NC(=O)[C@H](Cc1[nH]cnc1)NC(=O)[C@@H](NC(=O)[C@H](CC(C)C)NC(=O)[C@H](CO)NC(=O)[C@@H](NC(=O)[C@H](Cc2ccc(O)cc2)NC(C)=O)[C@@H](C)O)[C@@H](C)CC)C(=O)N[C@@H](CCC(O)=O)C(=O)N[C@@H](CCC(O)=O)C(=O)N[C@@H](CO)C(=O)N[C@@H](CCC(N)=O)C(=O)N[C@@H](CC(N)=O)C(=O)N[C@@H](CCC(N)=O)C(=O)N[C@@H](CCC(N)=O)C(=O)N[C@@H](CCC(O)=O)C(=O)N[C@@H](CCCCN)C(=O)N[C@@H](CC(N)=O)C(=O)N[C@@H](CCC(O)=O)C(=O)N[C@@H](CCC(N)=O)C(=O)N[C@@H](CCC(O)=O)C(=O)N[C@@H](CC(C)C)C(=O)N[C@@H](CC(C)C)C(=O)N[C@@H](CCC(O)=O)C(=O)N[C@@H](CC(C)C)C(=O)N[C@@H](CC(O)=O)C(=O)N[C@@H](CCCCN)C(=O)N[C@@H](Cc3c[nH]c4ccccc34)C(=O)N[C@@H](C)C(=O)N[C@@H](CO)C(=O)N[C@@H](CC(C)C)C(=O)N[C@@H](Cc5c[nH]c6ccccc56)C(=O)N[C@@H](CC(N)=O)C(=O)N[C@@H](Cc7c[nH]c8ccccc78)C(=O)N[C@@H](Cc9ccccc9)C(N)=O
cefazolin,3,[Na+].Cc1sc(SCC2=C(N3[C@H](SC2)[C@H](NC(=O)Cn4cnnn4)C3=O)C([O-])=O)nn1
cefepime,3,CO/N=C(C(=O)N[C@H]1[C@H]2SCC(=C(N2C1=O)C([O-])=O)C[N+]3(C)CCCC3)/c4csc(N)n4
cefixime,4,Nc1scc(n1)\C(=N\OCC(O)=O)C(=O)N[C@H]2[C@H]3SCC(=C(N3C2=O)C(O)=O)C=C
cefoperazone,3,CCN1CCN(C(=O)N[C@@H](C(=O)N[C@H]2[C@H]3SCC(=C(N3C2=O)C(O)=O)CSc4nnnn4C)c5ccc(O)cc5)C(=O)C1=O
cefotaxime,5,[Na+].CO\N=C(C(=O)N[C@@H]1[C@@H]2SCC(=C(N2C1=O)C([O-])=O)COC(C)=O)\c3csc(N)n3
cefotetan,3,CO[C@]1(NC(=O)C2S\C(S2)=C(\C(N)=O)C(O)=O)[C@H]3SCC(=C(N3C1=O)C(O)=O)CSc4nnnn4C
cefoxitin,3,CO[C@]1(NC(=O)Cc2sccc2)[C@H]3SCC(=C(N3C1=O)C(O)=O)COC(N)=O
cefpodoxime,3,[Na+].COCC1=C(N2[C@H](SC1)[C@H](NC(=O)C(=N/OC)\c3csc(N)n3)C2=O)C([O-])=O
oxaliplatin,4,[Pt++].NC1CCCCC1N.[O-]C(=O)C([O-])=O
cefprozil,4,O.C/C=C/C1=C(N2[C@H](SC1)[C@H](NC(=O)[C@H](N)c3ccc(O)cc3)C2=O)C(O)=O
ceftibuten,3,O.O.Nc1scc(n1)\C(=C\CC(O)=O)C(=O)N[C@H]2[C@H]3SCC=C(N3C2=O)C(O)=O
nitazoxanide,0,CC(=O)Oc1ccccc1C(=O)Nc2sc(cn2)[N+]([O-])=O
ceftriaxone,4,CO/N=C(C(=O)N[C@H]1[C@H]2SCC(=C(N2C1=O)C(O)=O)CSC3=NC(=O)C(=O)NN3C)/c4csc(N)n4
cefuroxime,5,CO/N=C(C(=O)N[C@H]1[C@H]2SCC(=C(N2C1=O)C(O)=O)COC(N)=O)/c3occc3
micafungin,7,CCCCCOc1ccc(cc1)c2onc(c2)c3ccc(cc3)C(=O)N[C@H]4C[C@@H](O)[C@@H](O)NC(=O)[C@@H]5[C@@H](O)[C@@H](C)CN5C(=O)[C@@H](NC(=O)[C@@H](NC(=O)[C@@H]6C[C@@H](O)CN6C(=O)[C@@H](NC4=O)[C@@H](C)O)[C@H](O)[C@@H](O)c7ccc(O)c(O[S](O)(=O)=O)c7)[C@H](O)CC(N)=O
darifenacin,0,NC(=O)C(C1CCN(CCc2ccc3OCCc3c2)C1)(c4ccccc4)c5ccccc5
cephalexin,4,O.CC1=C(N2[C@H](SC1)[C@H](NC(=O)[C@H](N)c3ccccc3)C2=O)C(O)=O
cetirizine,3,OC(=O)COCCN1CCN(CC1)C(c2ccccc2)c3ccc(Cl)cc3
ranolazine,0,COc1ccccc1OCC(O)CN2CCN(CC2)CC(=O)Nc3c(C)cccc3C
etonogestrel,5,CC[C@]12CC(=C)[C@H]3[C@@H](CCC4=CC(=O)CC[C@H]34)[C@@H]1CC[C@@]2(O)C#C
fosamprenavir,3,CC(C)CN(C[C@@H](O[P](O)(O)=O)[C@H](Cc1ccccc1)NC(=O)O[C@H]2CCOC2)[S](=O)(=O)c3ccc(N)cc3
aprepitant,3,C[C@@H](O[C@@H]1OCCN(CC2=NC(=O)NN2)[C@@H]1c3ccc(F)cc3)c4cc(cc(c4)C(F)(F)F)C(F)(F)F
chloramphenicol,0,OCC(NC(=O)C(Cl)Cl)C(O)c1ccc(cc1)[N+]([O-])=O
chlordiazepoxide,5,CN=C1CN(O)C(=C2C=C(Cl)C=CC2=N1)c3ccccc3
atazanavir,3,COC(=O)N[C@H](C(=O)N[C@@H](Cc1ccccc1)[C@@H](O)CN(Cc2ccc(cc2)c3ccccn3)NC(=O)[C@@H](NC(=O)OC)C(C)(C)C)C(C)(C)C
daptomycin,5,CCCCCCCCCC(=O)N[C@@H](Cc1c[nH]c2ccccc12)C(=O)N[C@@H](CC(N)=O)C(=O)N[C@@H](CC(O)=O)C(=O)NC3C(C)OC(=O)[C@H](CC(=O)c4ccccc4N)NC(=O)[C@@H](NC(=O)[C@@H](CO)NC(=O)CNC(=O)[C@H](CC(O)=O)NC(=O)[C@@H](C)NC(=O)[C@H](CC(O)=O)NC(=O)[C@H](CCCN)NC(=O)CNC3=O)C(C)CC(O)=O
chlormezanone,8,CN1C(c2ccc(Cl)cc2)[S](=O)(=O)CCC1=O
bortezomib,7,CC(C)C[C@@H](NC(=O)[C@@H](Cc1ccccc1)NC(=O)c2cnccn2)B(O)O
anidulafungin,7,CCCCCOc1ccc(cc1)c2ccc(cc2)c3ccc(cc3)C(=O)N[C@H]4C[C@@H](O)[C@@H](O)NC(=O)[C@@H]5[C@@H](O)[C@@H](C)CN5C(=O)[C@@H](NC(=O)[C@@H](NC(=O)[C@@H]6C[C@@H](O)CN6C(=O)[C@@H](NC4=O)[C@H](C)O)[C@H](O)[C@@H](O)c7ccc(O)cc7)[C@H](C)O
rasagiline,3,C#CCN[C@@H]1CCc2ccccc12
clofarabine,8,Nc1nc(Cl)nc2n(cnc12)C3OC(CO)C(O)C3F
chloroquine,3,CCN(CC)CCCC(C)Nc1ccnc2cc(Cl)ccc12
chlorothiazide,2,N[S](=O)(=O)c1cc2c(NC=N[S]2(=O)=O)cc1Cl
cinacalcet,0,C[C@@H](NCCCc1cccc(c1)C(F)(F)F)c2cccc3ccccc23
conivaptan,0,Cc1[nH]c2CCN(C(=O)c3ccc(NC(=O)c4ccccc4c5ccccc5)cc3)c6ccccc6c2n1
nebivolol,3,OC(CNCC(O)C1CCc2cc(F)ccc2O1)C3CCc4cc(F)ccc4O3
chlorthalidone,2,N[S](=O)(=O)c1cc(ccc1Cl)C2(O)NC(=O)c3ccccc23
erlotinib,8,[H+].[Cl-].COCCOc1cc2ncnc(Nc3cccc(c3)C#C)c2cc1OCCOC
alvimopan,0,O.O.C[C@H]1CN(CC[C@@]1(C)c2cccc(O)c2)C[C@H](Cc3ccccc3)C(=O)NCC(O)=O
cidofovir,5,O.O.NC1=NC(=O)N(C[C@@H](CO)OC[P](O)(O)=O)C=C1
ramelteon,0,CCC(=O)NCC[C@@H]1CCc2ccc3OCCc3c12
cimetidine,2,CN=C(NCCSCc1nc[nH]c1C)NC#N
cinchophen,8,OC(=O)c1cc(nc2ccccc12)c3ccccc3
tipranavir,8,CCC[C@@]1(CCc2ccccc2)CC(=O)C(=C(O)O1)[C@H](CC)c3cccc(N[S](=O)(=O)c4ccc(cn4)C(F)(F)F)c3
tigecycline,8,CN(C)[C@H]1[C@@H]2C[C@@H]3Cc4c(cc(NC(=O)CNC(C)(C)C)c(O)c4C(=C3C(=O)[C@]2(O)C(=O)\C(=C(N)/O)C1=O)O)N(C)C
cladribine,3,Nc1nc(Cl)nc2n(cnc12)[C@H]3C[C@H](O)[C@@H](CO)O3
clindamycin,3,CCC[C@@H]1C[C@H](N(C)C1)C(=O)NC(C(C)Cl)[C@H]2O[C@H](SC)[C@H](O)[C@@H](O)[C@H]2O
clometacin,8,COc1ccc2c(c1)n(CC(O)=O)c(C)c2C(=O)c3ccc(Cl)cc3
armodafinil,3,NC(=O)C[S@@](=O)C(c1ccccc1)c2ccccc2
clonidine,3,Clc1cccc(Cl)c1NC2=NCCN2
nelarabine,4,COc1nc(N)nc2n(cnc12)C3O[C@H](CO)[C@@H](O)[C@@H]3O
cloxacillin,3,Cc1onc(c2ccccc2Cl)c1C(=O)N[C@H]3[C@H]4SC(C)(C)[C@@H](N4C3=O)C(O)=O
lenalidomide,3,Nc1cccc2C(=O)N(Cc12)C3CCC(=O)NC3=O
tetrabenazine,3,COc1cc2CCN3CC(CC(C)C)C(=O)CC3c2cc1OC
lubiprostone,0,CCCCC(F)(F)[C@@]1(O)CC[C@H]2[C@@H](CC(=O)[C@H]2CCCCCCC(O)=O)O1
sorafenib,8,CNC(=O)c1cc(Oc2ccc(NC(=O)Nc3ccc(Cl)c(c3)C(F)(F)F)cc2)ccn1
varenicline,2,C1NC[C@H]2C[C@@H]1c3cc4nccnc4cc23
darunavir,8,CC(C)CN(C[C@@H](O)[C@H](Cc1ccccc1)NC(=O)O[C@H]2CO[C@H]3OCC[C@@H]23)[S](=O)(=O)c4ccc(N)cc4
aliskiren,0,COCCCOc1cc(C[C@@H](C[C@H](N)[C@@H](O)C[C@@H](C(C)C)C(=O)NCC(C)(C)C(N)=O)C(C)C)ccc1OC
dasatinib,4,Cc1nc(Nc2sc(cn2)C(=O)Nc3c(C)cccc3Cl)cc(n1)N4CCN(CCO)CC4
cyclobenzaprine,5,CN(C)CCC=C1c2ccccc2C=Cc3ccccc13
cyclofenil,8,CC(=O)Oc1ccc(cc1)[C](=[C]2CC[CH2]CC2)c3ccc(OC(C)=O)cc3
sitagliptin,4,N[C@@H](CC(=O)N1CCn2c(C1)nnc2C(F)(F)F)Cc3cc(F)c(F)cc3F.O[P](O)(O)=O
paliperidone,0,CC1=C(CCN2CCC(CC2)c3noc4cc(F)ccc34)C(=O)N5CCCC(O)C5=N1
cycloserine,3,NC1CONC1=O
posaconazole,8,CC[C@@H]([C@H](C)O)N1N=CN(C1=O)c2ccc(cc2)N3CCN(CC3)c4ccc(OC[C@@H]5CO[C@@](C5)(Cn6cncn6)c7ccc(F)cc7F)cc4
cyproheptadine,7,CN1CCC(CC1)=C2c3ccccc3C=Cc4ccccc24
cysteamine,3,NCCS
hydroxocobalamin,3,[OH2-].[Co++].C[C@@H](CNC(=O)CC[C@]1(C)[C@@H](CC(N)=O)C2[N--]\C1=C(C)/C3=N\C(=C/C4=N\C(=C(C)/C5=N[C@]2(C)[C@@](C)(CC(N)=O)[C@@H]5CCC(N)=O)[C@@](C)(CC(N)=O)[C@@H]4CCC(N)=O)C(C)(C)[C@@H]3CCC(N)=O)O[P]([O-])(=O)O[C@H]6[C@@H](O)[C@H](O[C@@H]6CO)n7cnc8cc(C)c(C)cc78
tetrahydrobiopterin,0,CC(O)C(O)C1CNC2=C(N1)C(=O)N=C(N)N2
milnacipran,7,[Cl-].CCN(CC)C(=O)[C@@]1(C[C@@H]1CN)c2ccccc2.[H+]
desipramine,3,CNCCCN1c2ccccc2CCc3ccccc13
everolimus,4,CO[C@@H]1C[C@@H](CC[C@H]1OCCO)C[C@@H](C)[C@@H]2CC(=O)[C@H](C)\C=C(C)/[C@@H](O)[C@@H](OC)C(=O)[C@H](C)C[C@H](C)\C=C\C=C/C=C(C)/[C@H](C[C@@H]3CC[C@@H](C)[C@@](O)(O3)C(=O)C(=O)N4CCCC[C@H]4C(=O)O2)OC
codeine,0,COc1ccc2C[C@@H]3[C@@H]4C=C[C@H](O)[C@@H]5Oc1c2[C@]45CCN3C
dexrazoxane,4,C[C@@H](CN1CC(=O)NC(=O)C1)N2CC(=O)NC(=O)C2
cephradine,4,CC1=C(N2[C@H](SC1)[C@H](NC(=O)[C@H](N)C3=CCC=CC3)C2=O)C(O)=O
ceftizoxime,4,CO/N=C(C(=O)N[C@H]1[C@H]2SCC=C(N2C1=O)C(O)=O)/c3csc(N)n3
didanosine,8,OC[C@@H]1CC[C@@H](O1)n2cnc3C(=O)N=CNc23
mycophenolate mofetil,3,COc1c(C)c2COC(=O)c2c(O)c1C\C=C(C)\CCC(=O)OCCN3CCOCC3
cefdinir,7,Nc1scc(n1)\C(=N\O)C(=O)N[C@H]2[C@H]3SCC(=C(N3C2=O)C(O)=O)C=C
polymyxin b sulfate,0,CCC(C)CCCCC(=O)NC(CCN)C(=O)NC(C(C)O)C(=O)NC(CCN)C(=O)NC1CCNC(=O)C(NC(=O)C(CCN)NC(=O)C(CCN)NC(=O)C(CC(C)C)NC(=O)C(Cc2ccccc2)NC(=O)C(CCN)NC1=O)C(C)O.O[S](O)(=O)=O
diltiazem,4,COc1ccc(cc1)[C@@H]2Sc3ccccc3N(CCN(C)C)C(=O)[C@@H]2OC(C)=O
sterile water,0,O
disopyramide,2,CC(C)N(CCC(C(N)=O)(c1ccccc1)c2ccccn2)C(C)C
dobutamine,0,CC(CCc1ccc(O)cc1)NCCc2ccc(O)c(O)c2
docetaxel,3,CC(=O)O[C@@]12CO[C@@H]1C[C@H](O)[C@]3(C)[C@@H]2[C@H](OC(=O)c4ccccc4)[C@]5(O)C[C@H](OC(=O)[C@H](O)[C@@H](NC(=O)OC(C)(C)C)c6ccccc6)C(=C([C@@H](O)C3=O)C5(C)C)C
doxazosin,3,COc1cc2nc(nc(N)c2cc1OC)N3CCN(CC3)C(=O)C4COc5ccccc5O4
doxepin,4,[H+].[Cl-].CN(C)CC\C=C/1c2ccccc2COc3ccccc13
droperidol,0,Fc1ccc(cc1)C(=O)CCCN2CCC(=CC2)N3C(=O)Nc4ccccc34
droxicam,8,CN1C2=C(OC(=O)N(C2=O)c3ccccn3)c4ccccc4[S]1(=O)=O
efavirenz,7,FC(F)(F)[C@]1(OC(=O)Nc2ccc(Cl)cc12)C#CC3CC3
esmolol,0,COC(=O)CCc1ccc(OCC(O)CNC(C)C)cc1
estazolam,0,Clc1ccc2n3cnnc3CN=C(c4ccccc4)c2c1
estramustine,4,C[C@]12CC[C@H]3[C@@H](CCc4cc(OC(=O)N(CCCl)CCCl)ccc34)[C@@H]1CC[C@@H]2O
ethacrynic acid,5,CCC(=C)C(=O)c1ccc(OCC(O)=O)c(Cl)c1Cl
ethambutol,8,CC[C@@H](CO)NCCN[C@@H](CC)CO
ethionamide,3,CCc1cc(ccn1)C(N)=S
etidronic acid,0,CC(O)([P](O)(O)=O)[P](O)(O)=O
etomidate,0,CCOC(=O)c1cncn1C(C)c2ccccc2
exifone,8,Oc1ccc(c(O)c1O)C(=O)c2cc(O)c(O)c(O)c2
fexofenadine,0,CC(C)(C(O)=O)c1ccc(cc1)C(O)CCCN2CCC(CC2)C(O)(c3ccccc3)c4ccccc4
fialuridine,8,OCC1OC(C(F)C1O)N2C=C(I)C(=O)NC2=O
fipexide,8,Clc1ccc(OCC(=O)N2CCN(CC2)Cc3ccc4OCOc4c3)cc1
flecainide,7,FC(F)(F)COc1ccc(OCC(F)(F)F)c(c1)C(=O)NCC2CCCCN2
flucytosine,3,NC1=C(F)C=NC(=O)N1
fludarabine,0,Nc1nc(F)nc2n(cnc12)[C@@H]3O[C@H](CO)[C@@H](O)[C@@H]3O
flumazenil,0,CCOC(=O)c1ncn2c1CN(C)C(=O)c3cc(F)ccc23
flurazepam,4,CCN(CC)CCN1C(=O)CN=C(c2ccccc2F)c3cc(Cl)ccc13
fluvoxamine,3,COCCCC\C(=N/OCCN)c1ccc(cc1)C(F)(F)F.OC(=O)\C=C/C(O)=O
foscarnet,3,O.[Na+].[Na+].[Na+].[O-]C(=O)[P]([O-])([O-])=O
fosfomycin,6,C[C@@H]1O[C@@H]1[P](O)(O)=O
fosinopril,3,CCC(=O)OC(O[P](=O)(CCCCc1ccccc1)CC(=O)N2C[C@@H](C[C@H]2C(O)=O)C3CCCCC3)C(C)C
fosphenytoin,8,O[P](O)(=O)OCN1C(=O)NC(C1=O)(c2ccccc2)c3ccccc3
ganciclovir,7,NC1=NC(=O)c2ncn(COC(CO)CO)c2N1
gemcitabine,8,NC1=NC(=O)N(C=C1)[C@@H]2O[C@H](CO)[C@@H](O)C2(F)F
guanfacine,3,NC(N)=NC(=O)Cc1c(Cl)cccc1Cl
heparin sodium,3,CC(=O)NC1C(O)OC(CO[S](O)(=O)=O)C(OC2OC(C(OC3OC(CO)C(OC4OC(C(O)C(O)C4O[S](O)(=O)=O)C(O)=O)C(O[S](O)(=O)=O)C3N[S](O)(=O)=O)C(O)C2O[S](O)(=O)=O)C(O)=O)C1O
hydrochlorothiazide,2,N[S](=O)(=O)c1cc2c(NCN[S]2(=O)=O)cc1Cl
hydroxyzine,0,OCCOCCN1CCN(CC1)C(c2ccccc2)c3ccc(Cl)cc3
idarubicin,3,C[C@@H]1O[C@H](C[C@H](N)[C@@H]1O)O[C@H]2C[C@@](O)(Cc3c(O)c4C(=O)c5ccccc5C(=O)c4c(O)c23)C(C)=O
indapamide,5,CC1Cc2ccccc2N1NC(=O)c3ccc(Cl)c(c3)[S](N)(=O)=O
indinavir,8,CC(C)(C)NC(=O)[C@@H]1CN(CCN1C[C@@H](O)C[C@@H](Cc2ccccc2)C(=O)N[C@@H]3[C@H](O)Cc4ccccc34)Cc5cccnc5
iodipamide meglumine,0,CNCC(O)C(O)C(O)C(O)CO.CNCC(O)C(O)C(O)C(O)CO.OC(=O)c1c(I)cc(I)c(NC(=O)CCCCC(=O)Nc2c(I)cc(I)c(C(O)=O)c2I)c1I
irinotecan,3,CCc1c2CN3C(=O)C4=C(C=C3c2nc5ccc(OC(=O)N6CCC(CC6)N7CCCCC7)cc15)[C@@](O)(CC)C(=O)OC4
l-methionine,0,CSCC[C@H](N)C(O)=O
isocarboxazid,5,Cc1onc(c1)C(=O)NNCc2ccccc2
isradipine,3,COC(=O)C1=C(C)NC(=C(C1c2cccc3nonc23)C(=O)OC(C)C)C
kanamycin,0,NCC1OC(OC2C(N)CC(N)C(OC3OC(CO)C(O)C(N)C3O)C2O)C(O)C(O)C1O
riboflavin,0,Cc1cc2N=C3C(=O)NC(=O)N=C3N(CC(O)C(O)C(O)CO)c2cc1C
lamotrigine,7,Nc1nnc(c(N)n1)c2cccc(Cl)c2Cl
l-carnitine,0,C[N+](C)(C)C[C@H](O)CC([O-])=O
levofloxacin,8,C[C@H]1COc2c(N3CCN(C)CC3)c(F)cc4C(=O)C(=CN1c24)C(O)=O
levonorgestrel,0,CC[C@]12CC[C@H]3[C@@H](CCC4=CC(=O)CC[C@H]34)[C@@H]1CC[C@@]2(O)C#C
lincomycin,3,CCCC1CC(N(C)C1)C(=O)NC(C(C)O)C2OC(SC)C(O)C(O)C2O
lisinopril,3,O.O.NCCCC[C@H](N[C@@H](CCc1ccccc1)C(O)=O)C(=O)N2CCC[C@H]2C(O)=O
loracarbef,3,O.N[C@@H](C(=O)NC1C2CCC(=C(N2C1=O)C(O)=O)Cl)c3ccccc3
loratadine,0,CCOC(=O)N1CCC(CC1)=C2c3ccc(Cl)cc3CCc4cccnc24
losartan,4,CCCCc1nc(Cl)c(CO)n1Cc2ccc(cc2)c3ccccc3c4n[nH]nn4
loxapine,5,CN1CCN(CC1)C2=Nc3ccccc3Oc4ccc(Cl)cc24
maprotiline,5,CNCCCC12CCC(c3ccccc13)c4ccccc24
mebanazine,8,CC(NN)c1ccccc1
mechlorethamine,3,CN(CCCl)CCCl
meclofenamic acid,3,Cc1ccc(Cl)c(Nc2ccccc2C(O)=O)c1Cl
medroxyprogesterone,2,C[C@H]1C[C@@H]2[C@H](CC[C@@]3(C)[C@H]2CC[C@]3(O)C(C)=O)[C@@]4(C)CCC(=O)C=C14
mefloquine,7,OC(C1CCCCN1)c2cc(nc3c2cccc3C(F)(F)F)C(F)(F)F
vitamin e,0,CC(C)CCC[C@@H](C)CCC[C@@H](C)CCC[C@]1(C)CCc2c(C)c(O)c(C)c(C)c2O1
melphalan,5,NC(Cc1ccc(cc1)N(CCCl)CCCl)C(O)=O
mephenytoin,5,CCC1(NC(=O)N(C)C1=O)c2ccccc2
meprobamate,0,CCCC(C)(COC(N)=O)COC(N)=O
meropenem,3,O.O.O.C[C@H](O)C1C2[C@@H](C)C(=C(N2C1=O)C(O)=O)S[C@@H]3CN[C@@H](C3)C(=O)N(C)C
mesna,3,[Na+].[O-][S](=O)(=O)CCS
mesoridazine,5,CN1CCCCC1CCN2c3ccccc3Sc4ccc(cc24)[S](C)=O
methazolamide,7,CN1N=C(SC1=NC(C)=O)[S](N)(=O)=O
methoxsalen,3,COc1c2occc2cc3C=CC(=O)Oc13
methylphenidate,3,COC(=O)C(C1CCCCN1)c2ccccc2
methylscopolamine bromide,0,[Br-].C[N+]1(C)[C@H]2CC(C[C@H]1[C@H]3O[C@@H]23)OC(=O)C(CO)c4ccccc4
metoclopramide,5,CCN(CC)CCNC(=O)c1cc(Cl)c(N)cc1OC
mexiletine,3,CC(N)COc1c(C)cccc1C
midazolam,0,Cc1ncc2CN=C(c3ccccc3F)c4cc(Cl)ccc4n12
midodrine,0,COc1ccc(OC)c(c1)C(O)CNC(=O)CN
mirtazapine,3,CN1CCN2C(C1)c3ccccc3Cc4cccnc24
mitotane,0,ClC(Cl)C(c1ccc(Cl)cc1)c2ccccc2Cl
mitoxantrone,3,OCCNCCNc1ccc(NCCNCCO)c2C(=O)c3c(O)ccc(O)c3C(=O)c12
moexipril,3,CCOC(=O)[C@H](CCc1ccccc1)N[C@@H](C)C(=O)N2Cc3cc(OC)c(OC)cc3C[C@H]2C(O)=O
moricizine,5,[H+].[Cl-].CCOC(=O)Nc1ccc2Sc3ccccc3N(C(=O)CCN4CCOCC4)c2c1
moxisylyte,8,CC(C)c1cc(OC(C)=O)c(C)cc1OCCN(C)C
folic acid,0,NC1=Nc2ncc(CNc3ccc(cc3)C(=O)N[C@@H](CCC(O)=O)C(O)=O)nc2C(=O)N1
nabumetone,3,COc1ccc2cc(CCC(C)=O)ccc2c1
nadolol,3,CC(C)(C)NCC(O)COc1cccc2C[C@@H](O)[C@@H](O)Cc12
nafcillin,3,[Na+].CCOc1ccc2ccccc2c1C(=O)N[C@H]3[C@H]4SC(C)(C)[C@@H](N4C3=O)C([O-])=O
nalidixic acid,3,CCN1C=C(C(O)=O)C(=O)c2ccc(C)nc12
nalmefene hydrochloride,3,[Cl-].Oc1ccc2C[C@H]3N(CC[C@@]45[C@@H](Oc1c24)C(=C)CC[C@@]35O)CC6CC6.[H+]
esomeprazole Sodium,4,[Na+].COc1ccc2NC([N-]c2c1)[S@@](=O)Cc3ncc(C)c(OC)c3C
nialamide,8,O=C(CCNNC(=O)c1ccncc1)NCc2ccccc2
nicardipine,3,COC(=O)C1=C(C)NC(=C(C1c2cccc(c2)[N+]([O-])=O)C(=O)OCCN(C)Cc3ccccc3)C
nilutamide,8,CC1(C)NC(=O)N(c2ccc(c(c2)C(F)(F)F)[N+]([O-])=O)C1=O
nimodipine,3,COCCOC(=O)C1=C(C)NC(=C(C1c2cccc(c2)[N+]([O-])=O)C(=O)OC(C)C)C
niperotidine,8,CN(C)Cc1oc(CSCCN\C(NCc2ccc3OCOc3c2)=C/[N+]([O-])=O)cc1
nitroglycerin,0,[O-][N+](=O)OCC(CO[N+]([O-])=O)O[N+]([O-])=O
nomifensine,8,CN1CC(c2ccccc2)c3cccc(N)c3C1
norfloxacin,3,CCN1C=C(C(O)=O)C(=O)c2cc(F)c(cc12)N3CCNCC3
nortriptyline,8,CNCCC=C1c2ccccc2CCc3ccccc13
octreotide,2,CC(O)C(CO)NC(=O)C1CSSCC(NC(=O)C(N)Cc2ccccc2)C(=O)NC(Cc3ccccc3)C(=O)NC(Cc4c[nH]c5ccccc45)C(=O)NC(CCCCN)C(=O)NC(C(C)O)C(=O)N1
ondansetron,7,Cn1c2CCC(Cn3ccnc3C)C(=O)c2c4ccccc14
ofloxacin,3,CC1COc2c(N3CCN(C)CC3)c(F)cc4C(=O)C(=CN1c24)C(O)=O
diphenoxylate,0,[H+].[Cl-].CCOC(=O)C1(CCN(CC1)CCC(C#N)(c2ccccc2)c3ccccc3)c4ccccc4
oxacillin,3,Cc1onc(c2ccccc2)c1C(=O)N[C@H]3[C@H]4SC(C)(C)[C@@H](N4C3=O)C(O)=O
ambenonium,0,CC[N+](CC)(CCNC(=O)C(=O)NCC[N+](CC)(CC)Cc1ccccc1Cl)Cc2ccccc2Cl
papaverine,5,COc1ccc(Cc2nccc3cc(OC)c(OC)cc23)cc1OC
penbutolol,0,CC(C)(C)NC[C@@H](O)COc1ccccc1C2CCCC2
penicillin g,3,CC1(C)S[C@@H]2[C@H](NC(=O)Cc3ccccc3)C(=O)N2[C@H]1C(O)=O
penicillin v,0,CC1(C)S[C@@H]2[C@H](NC(=O)COc3ccccc3)C(=O)N2[C@H]1C(O)=O
pentazocine,0,C1=CN=NN=NN=C1
pentostatin,3,OC[C@H]1O[C@H](C[C@@H]1O)n2cnc3[C@H](O)CN=CNc23
pentoxifylline,5,Cn1cnc2N(C)C(=O)N(CCCCC(C)=O)C(=O)c12
perphenazine,3,OCCN1CCN(CCCN2c3ccccc3Sc4ccc(Cl)cc24)CC1
phenelzine,3,[Cl].NNCCc1ccccc1
ephedrine,0,CN[C@@H](C)[C@H](O)c1ccccc1
pilocarpine,3,CC[C@H]1[C@H](COC1=O)Cc2cncn2C
pimozide,0,Fc1ccc(cc1)C(CCCN2CCC(CC2)N3C(=O)Nc4ccccc34)c5ccc(F)cc5
pindolol,0,CC(C)NCC(O)COc1cccc2[nH]ccc12
piperacillin,3,O.CCN1CCN(C(=O)N[C@@H](C(=O)N[C@H]2[C@H]3SC(C)(C)[C@@H](N3C2=O)C(O)=O)c4ccccc4)C(=O)C1=O
piroxicam,3,CN1C(=C(/O)Nc2ccccn2)/C(=O)c3ccccc3[S]1(=O)=O
pirprofen,8,CC(C(O)=O)c1ccc(N2CC=CC2)c(Cl)c1
salsalate,3,OC(=O)c1ccccc1OC(=O)c2ccccc2O
polythiazide,2,CN1C(CSCC(F)(F)F)Nc2cc(Cl)c(cc2[S]1(=O)=O)[S](N)(=O)=O
probenecid,6,CCCN(CCC)[S](=O)(=O)c1ccc(cc1)C(O)=O
procainamide,4,CCN(CC)CCNC(=O)c1ccc(N)cc1
propafenone,3,CCCNCC(O)COc1ccccc1C(=O)CCc2ccccc2
propranolol,3,CC(C)NCC(O)COc1cccc2ccccc12
propofol,3,CC(C)c1cccc(C(C)C)c1O
pyrantel,0,CN1CCCN=C1\C=C\c2sccc2
pyrimethamine,3,CCc1nc(N)nc(N)c1c2ccc(Cl)cc2
quazepam,0,Fc1ccccc1C2=NCC(=S)N(CC(F)(F)F)c3ccc(Cl)cc23
quinapril,3,CCOC(=O)[C@H](CCc1ccccc1)N[C@@H](C)C(=O)N2Cc3ccccc3C[C@H]2C(O)=O
quinidine,3,COc1ccc2nccc([C@H](O)[C@H]3C[C@@H]4CCN3C[C@@H]4C=C)c2c1
ramipril,7,CCOC(=O)[C@H](CCc1ccccc1)N[C@@H](C)C(=O)N2[C@H]3CCC[C@H]3C[C@H]2C(O)=O
reserpine,0,CO[C@H]1[C@@H](C[C@@H]2CN3CCc4c([nH]c5cc(OC)ccc45)[C@H]3C[C@@H]2[C@@H]1C(=O)OC)OC(=O)c6cc(OC)c(OC)c(OC)c6
ribavirin,7,NC(=O)c1ncn(n1)[C@@H]2O[C@H](CO)[C@@H](O)[C@H]2O
riluzole,8,[H+].[Cl-].Nc1sc2cc(OC(F)(F)F)ccc2n1
risperidone,3,CC1=C(CCN2CCC(CC2)c3noc4cc(F)ccc34)C(=O)N5CCCCC5=N1
ritonavir,8,CC(C)[C@H](NC(=O)N(C)Cc1csc(n1)C(C)C)C(=O)N[C@H](C[C@H](O)[C@H](Cc2ccccc2)NC(=O)OCc3scnc3)Cc4ccccc4
saquinavir,3,CC(C)(C)NC(=O)[C@@H]1C[C@@H]2CCCC[C@@H]2CN1C[C@@H](O)[C@H](Cc3ccccc3)NC(=O)[C@H](CC(N)=O)NC(=O)c4ccc5ccccc5n4
selegiline,0,C[C@H](Cc1ccccc1)N(C)CC#C
spectinomycin,3,CN[C@@H]1[C@H](O)[C@H](NC)[C@H]2O[C@]3(O)[C@@H](O[C@H](C)CC3=O)O[C@@H]2[C@H]1O.O[S](O)(=O)=O
succimer,2,OC(=O)C(S)C(S)C(O)=O
sumatriptan,3,CN[S](=O)(=O)Cc1ccc2[nH]cc(CCN(C)C)c2c1
temazepam,3,CN1C(=O)C(O)N=C(c2ccccc2)c3cc(Cl)ccc13
teniposide,3,COc1cc(cc(OC)c1O)[C@H]2[C@@H]3[C@H](COC3=O)[C@H](OC4OC5COC(OC5C(O)C4O)c6sccc6)c7cc8OCOc8cc27
terazosin,0,[H+].O.[Cl-].COc1cc2nc(nc(N)c2cc1OC)N3CCN(CC3)C(=O)C4CCCO4
thiotepa,3,S=[P](N1CC1)(N2CC2)N3CC3
thiothixene,2,CN1CCN(CC/C=C/2c3ccccc3Sc4ccc(cc24)[S](=O)(=O)N(C)C)CC1
timolol,5,CC(C)(C)NC[C@H](O)COc1nsnc1N2CCOCC2
tiopronin,3,CC(S)C(=O)NCC(O)=O
tolmetin,3,Cn1c(CC(O)=O)ccc1C(=O)c2ccc(C)cc2
tolrestat,8,COc1ccc2c(cccc2c1C(F)(F)F)C(=S)N(C)CC(O)=O
topotecan,0,CC[C@@]1(O)C(=O)OCC2=C1C=C3N(Cc4cc5c(CN(C)C)c(O)ccc5nc34)C2=O
tramadol,7,[Cl-].COc1cccc(c1)[C@@]2(O)CCCC[C@@H]2CN(C)C.[H+]
trandolapril,4,CCOC(=O)[C@H](CCc1ccccc1)N[C@@H](C)C(=O)N2[C@H]3CCCC[C@@H]3C[C@H]2C(O)=O
tranylcypromine,3,[Cl-].N[C@@H]1C[C@H]1c2ccccc2.[H+]
trazodone,5,Clc1cccc(c1)N2CCN(CCCN3N=C4C=CC=CN4C3=O)CC2
triamterene,5,Nc1nc(N)c2nc(c3ccccc3)c(N)nc2n1
triazolam,4,Cc1nnc2CN=C(c3ccccc3Cl)c4cc(Cl)ccc4n12
trihexyphenidyl,0,OC(CCN1CCCCC1)(C2CCCCC2)c3ccccc3
trimethadione,5,CN1C(=O)OC(C)(C)C1=O
trimethobenzamide,5,COc1cc(cc(OC)c1OC)C(=O)NCc2ccc(OCCN(C)C)cc2
trimethoprim,4,COc1cc(Cc2cnc(N)nc2N)cc(OC)c1OC
trimetrexate,3,COc1cc(NCc2ccc3nc(N)nc(N)c3c2C)cc(OC)c1OC
trimipramine,2,CC(CN(C)C)CN1c2ccccc2CCc3ccccc13
fenclozic acid,8,OC(=O)Cc1csc(n1)c2ccc(Cl)cc2
ebrotidine,8,NC(N)=Nc1scc(CSCCN=CN[S](=O)(=O)c2ccc(Br)cc2)n1
aceclofenac,0,OC(=O)COC(=O)Cc1ccccc1Nc2c(Cl)cccc2Cl
nitrefazole,8,Cc1nc(cn1c2ccc(cc2)[N+]([O-])=O)[N+]([O-])=O
ursodeoxycholic acid,0,C[C@H](CCC(O)=O)[C@H]1CC[C@H]2[C@@H]3[C@@H](O)C[C@@H]4C[C@H](O)CC[C@]4(C)[C@H]3CC[C@]12C
valaciclovir,3,CC(C)[C@H](N)C(=O)OCCOCn1cnc2C(=O)N=C(N)Nc12
valsartan,3,CCCCC(=O)N(Cc1ccc(cc1)c2ccccc2c3n[nH]nn3)[C@@H](C(C)C)C(O)=O
tetrabamate,8,CCCCOCC(CN1C(=O)NC(=O)C(CC)(C1=O)c2ccccc2)OC(N)=O.CCCCOCC(CN3C(=O)N(CC(COCCCC)OC(N)=O)C(=O)C(CC)(C3=O)c4ccccc4)OC(N)=O.CCC5(C(=O)NC(=O)NC5=O)c6ccccc6
vincristine,8,CC[C@]1(O)C[C@H]2CN(CCc3c([nH]c4ccccc34)[C@@](C2)(C(=O)OC)c5cc6c(cc5OC)N(C=O)[C@H]7[C@](O)([C@H](OC(C)=O)[C@]8(CC)C=CCN9CC[C@]67[C@H]89)C(=O)OC)C1
xenazoic acid,8,CCOC(Nc1ccc(cc1)C(O)=O)C(=O)c2ccc(cc2)c3ccccc3
zafirlukast,8,COc1cc(ccc1Cc2cn(C)c3ccc(NC(=O)OC4CCCC4)cc23)C(=O)N[S](=O)(=O)c5ccccc5C
falnidamol,8,CN1CCC(CC1)Nc2ncc3ncnc(Nc4ccc(F)c(Cl)c4)c3n2
caffeine,0,Cn1cnc2N(C)C(=O)N(C)C(=O)c12
capreomycin,3,C[C@@H]1NC(=O)[C@@H](N)CNC(=O)[C@@H](NC(=O)\C(NC(=O)[C@H](CNC(=O)C[C@@H](N)CCCN)NC1=O)=C/NC(N)=O)[C@H]2CCN=C(N)N2.NCCC[C@H](N)CC(=O)NC[C@@H]3NC(=O)[C@H](CO)NC(=O)[C@@H](N)CNC(=O)[C@@H](NC(=O)\C(NC3=O)=C/NC(N)=O)[C@H]4CCN=C(N)N4
lidocaine,0,CCN(CC)CC(=O)Nc1c(C)cccc1C
memantine,7,CC12CC3CC(C)(C1)CC(N)(C3)C2
pamidronate,3,NCCC(O)([P](O)(O)=O)[P](O)(O)=O
quinine,3,COc1ccc2nccc([C@@H](O)[C@@H]3C[C@H]4CCN3C[C@@H]4C=C)c2c1
rosuvastatin,3,CC(C)c1nc(nc(c2ccc(F)cc2)c1CC[C@@H](O)C[C@@H](O)CC(O)=O)N(C)[S](C)(=O)=O
sulfamethizole,0,Cc1sc(N[S](=O)(=O)c2ccc(N)cc2)nn1
telithromycin,8,CC[C@H]1OC(=O)[C@@H](C)C(=O)[C@H](C)[C@@H](O[C@@H]2O[C@H](C)C[C@@H]([C@H]2O)N(C)C)[C@@](C)(C[C@@H](C)C(=O)[C@H](C)[C@H]3N(CCCCn4cnc(c4)c5cccnc5)C(=O)O[C@]13C)OC
entacapone,0,CCN(CC)C(=O)/C(=C/c1cc(O)c(O)c(c1)[N+]([O-])=O)C#N
valdecoxib,3,Cc1onc(c2ccccc2)c1c3ccc(cc3)[S](N)(=O)=O
dexpanthenol,0,CC(C)(CO)[C@@H](O)C(=O)NCCCO
scopolamine,0,CN1[C@@H]2CC(C[C@H]1[C@@H]3O[C@H]23)OC(=O)[C@H](CO)c4ccccc4
pyridoxine,0,Cc1ncc(CO)c(CO)c1O
thiamine,0,[Cl-].Cc1ncc(C[n+]2csc(CCO)c2C)c(N)n1
cyanocobalamin,0,[Co+3]|[C-]#N.C[C@H](CNC(=O)CC[C@]1(C)[C@@H](CC(N)=O)[C@H]2N=C1C(=C3[N-]C(=CC4=NC(=C(C)C5=N[C@]2(C)[C@@](C)(CC(N)=O)[C@@H]5CCC(N)=O)[C@@](C)(CC(N)=O)[C@@H]4CCC(N)=O)C(C)(C)[C@@H]3CCC(N)=O)C)O[P]([O-])(=O)O[C@H]6[C@@H](O)[C@H](O[C@@H]6CO)n7cnc8cc(C)c(C)cc78
montelukast,3,CC(C)(O)c1ccccc1CC[C@@H](SCC2(CC2)CC(O)=O)c3cccc(\C=C\c4ccc5ccc(Cl)cc5n4)c3
moxifloxacin,8,COc1c(N2C[C@@H]3CCCN[C@@H]3C2)c(F)cc4C(=O)C(=CN(C5CC5)c14)C(O)=O
vitamin c,0,OC[C@H](O)[C@H]1OC(=O)C(=C1O)O
sorbitol,0,OC[C@H](O)[C@@H](O)[C@H](O)[C@H](O)CO
capecitabine,2,CCCCCOC(=O)NC1=NC(=O)N(C=C1F)[C@@H]2O[C@H](C)[C@@H](O)[C@H]2O
leuprolide,3,CCNC(=O)C1CCCN1C(=O)C(CCCN=C(N)N)NC(=O)C(CC(C)C)NC(=O)C(CC(C)C)NC(=O)C(Cc2ccc(O)cc2)NC(=O)C(CO)NC(=O)C(Cc3c[nH]c4ccccc34)NC(=O)C(Cc5[nH]cnc5)NC(=O)C6CCC(=O)N6
eletriptan,3,CN1CCC[C@@H]1Cc2c[nH]c3ccc(CC[S](=O)(=O)c4ccccc4)cc23
hydroxychloroquine,7,CCN(CCO)CCCC(C)Nc1ccnc2cc(Cl)ccc12
fluoxymesterone,8,C[C@]1(O)CC[C@H]2[C@@H]3CCC4=CC(=O)CC[C@]4(C)[C@@]3(F)[C@@H](O)C[C@]12C
ximelagatran,8,CCOC(=O)CN[C@H](C1CCCCC1)C(=O)N2CC[C@H]2C(=O)NCc3ccc(cc3)/C(N)=N/O
duloxetine,8,CNCCC(Oc1cccc2ccccc12)c3sccc3
carisoprodol,0,CCCC(C)(COC(N)=O)COC(=O)NC(C)C
dicloxacillin,3,Cc1onc(c1C(=O)N[C@H]2[C@H]3SC(C)(C)[C@@H](N3C2=O)C(O)=O)c4c(Cl)cccc4Cl
estrone,2,C[C@]12CC[C@H]3[C@@H](CCc4cc(O)ccc34)[C@@H]1CCC2=O
metolazone,3,CC1Nc2cc(Cl)c(cc2C(=O)N1c3ccccc3C)[S](N)(=O)=O
pamabrom,0,CN1C(=O)N(C)c2nc(Br)[nH]c2C1=O.CC(C)(N)CO
dextromethorphan,0,COc1ccc2C[C@H]3[C@H]4CCCC[C@@]4(CCN3C)c2c1
bacitracin,0,CCC(C)C(N)C1=NC(CS1)C(=O)N[C@@H](CC(C)C)C(=O)N[C@H](CCC(O)=O)C(=O)N[C@@H]([C@@H](C)CC)C(=O)NCCCC[C@@H]2NC(=O)[C@H](CC(N)=O)NC(=O)[C@@H](CC(O)=O)NC(=O)[C@H](Cc3[nH]cnc3)NC(=O)[C@@H](Cc4ccccc4)NC(=O)[C@@H](NC(=O)[C@@H](CCCN)NC2=O)[C@@H](C)CC
paromomycin,0,NC[C@@H]1O[C@H](O[C@H]2[C@@H](O)[C@@H](O[C@@H]2CO)O[C@@H]3[C@@H](O)[C@H](N)C[C@H](N)[C@H]3O[C@H]4O[C@H](CO)[C@@H](O)[C@H](O)[C@H]4N)[C@H](N)[C@@H](O)[C@@H]1O
telmisartan,3,CCCc1nc2c(C)cc(cc2n1Cc3ccc(cc3)c4ccccc4C(O)=O)c5nc6ccccc6n5C
gallium nitrate,3,[Ga+3].[O-][N+]([O-])=O.[O-][N+]([O-])=O.[O-][N+]([O-])=O
ammonium chloride,0,[NH4+].[Cl-]
amiloride,3,NC(N)=NC(=O)c1nc(Cl)c(N)nc1N
methysergide,0,CC[C@@H](CO)NC(=O)[C@H]1CN(C)[C@@H]2Cc3cn(C)c4cccc(C2=C1)c34
methylergonovine,0,CC[C@@H](CO)NC(=O)[C@H]1CN(C)[C@@H]2Cc3c[nH]c4cccc(C2=C1)c34
brompheniramine,0,CN(C)CCC(c1ccc(Br)cc1)c2ccccn2
l-arginine,0,N[C@@H](CCCNC(N)=N)C(O)=O
pyridostigmine,0,CN(C)C(=O)Oc1ccc[n+](C)c1
phenoxybenzamine,0,CC(COc1ccccc1)N(CCCl)Cc2ccccc2
oxybutynin,0,CCN(CC)CC#CCOC(=O)C(O)(C1CCCCC1)c2ccccc2
orphenadrine,0,CN(C)CCOC(c1ccccc1)c2ccccc2C
orciprenaline,0,CC(C)NCC(O)c1cc(O)cc(O)c1
loperamide,0,CN(C)C(=O)C(CCN1CCC(O)(CC1)c2ccc(Cl)cc2)(c3ccccc3)c4ccccc4
isoxsuprine,0,CC(COc1ccccc1)NC(C)C(O)c2ccc(O)cc2
glafenine,8,OCC(O)COC(=O)c1ccccc1Nc2ccnc3cc(Cl)ccc23
edrophonium,0,CC[N+](C)(C)c1cccc(O)c1
acetylcholine chloride,0,[Cl-].CC(=O)OCC[N+](C)(C)C
amphetamine,0,CC(N)Cc1ccccc1
mepazine,8,CN1CCCC(C1)CN2c3ccccc3Sc4ccccc24
nandrolone decanoate,7,CCCCCCCCCC(=O)O[C@H]1CC[C@H]2[C@@H]3CCC4=CC(=O)CC[C@@H]4[C@H]3CC[C@]12C
simethicone,0,CO[Si](C)(C)O[Si](C)(C)C.O=[Si]=O
betaine,0,C[N+](C)(C)CC([O-])=O
bisacodyl,0,CC(=O)Oc1ccc(cc1)C(c2ccc(OC(C)=O)cc2)c3ccccn3
leucovorin,0,O.[Ca].NC1=NC(=O)C2=C(NCC(CNc3ccc(cc3)C(=O)NC(CCC(O)=O)C(O)=O)N2C=O)N1
ixabepilone,7,C[C@H]1CCC[C@@]2(C)O[C@H]2C[C@H](NC(=O)C[C@H](O)C(C)(C)C(=O)[C@H](C)[C@H]1O)/C(C)=C/c3csc(C)n3
lapatinib,8,C[S](=O)(=O)CCNCc1oc(cc1)c2ccc3ncnc(Nc4ccc(OCc5cccc(F)c5)c(Cl)c4)c3c2
oseltamivir,3,CCOC(=O)C1=C[C@@H](OC(CC)CC)[C@H](NC(C)=O)[C@@H](N)C1
alaproclate,8,CC(N)C(=O)OC(C)(C)Cc1ccc(Cl)cc1
orlistat,8,CCCCCCCCCCC[C@@H](C[C@@H]1OC(=O)[C@H]1CCCCCC)OC(=O)[C@H](CC(C)C)NC=O
apomorphine,0,CN1CCc2cccc3c2[C@H]1Cc4ccc(O)c(O)c34
dihydroergotamine,0,CN1C[C@@H](C[C@H]2[C@H]1Cc3c[nH]c4cccc2c34)C(=O)N[C@]5(C)O[C@@]6(O)[C@@H]7CCCN7C(=O)[C@H](Cc8ccccc8)N6C5=O
procyclidine,0,OC(CCN1CCCC1)(C2CCCCC2)c3ccccc3
tenofovir,3,C[C@H](Cn1cnc2c(N)ncnc12)OC[P](O)(O)=O
norethindrone acetate,0,CC(=O)O[C@]1(CC[C@H]2[C@@H]3CCC4=CC(=O)CC[C@@H]4[C@H]3CC[C@]12C)C#C
exametazime,0,C[C@@H](NCC(C)(C)CN[C@H](C)/C(C)=N/O)/C(C)=N/O
Argipressin,0,NC1CSSCC(NC(=O)C(CC(N)=O)NC(=O)C(CCC(N)=O)NC(=O)C(Cc2ccccc2)NC(=O)C(Cc3ccc(O)cc3)NC1=O)C(=O)N4CCCC4C(=O)NC(CCCN=C(N)N)C(=O)NCC(N)=O
sodium bicarbonate,0,[Na+].OC([O-])=O
4-phenylbutyric acid,4,OC(=O)CCCc1ccccc1
clindamycin-2-phosphate,3,CCCC1CC(N(C)C1)C(=O)NC(C(C)Cl)C2OC(SC)C(O[P](O)(O)=O)C(O)C2O
tyramine,0,NCCc1ccc(O)cc1
haloperidol decanoate,3,CCCCCCCCCC(=O)OC1(CCN(CCCC(=O)c2ccc(F)cc2)CC1)c3ccc(Cl)cc3
sitaxsentan,8,Cc1cc2OCOc2cc1CC(=O)c3sccc3[S](=O)(=O)Nc4onc(C)c4Cl
dexmethylphenidate,7,COC(=O)[C@@H]([C@H]1CCCCN1)c2ccccc2
escitalopram,7,CN(C)CCC[C@]1(OCc2cc(ccc12)C#N)c3ccc(F)cc3
